date,store_id,product_id,units_sold,price,discount,promotion,store_type,product_category,inventory
2026-01-01,S001,P001,112,100.0,0,0,Supermarket,Grocery,488
2026-01-02,S001,P001,122,100.0,0,0,Supermarket,Grocery,460
2026-01-03,S001,P001,156,100.0,0,1,Supermarket,Grocery,430
2026-01-04,S001,P001,131,100.0,0,0,Supermarket,Grocery,421
2026-01-05,S001,P001,101,100.0,0,0,Supermarket,Grocery,405
2026-01-06,S001,P001,124,100.0,0,0,Supermarket,Grocery,384
2026-01-07,S001,P001,121,100.0,0,0,Supermarket,Grocery,352
2026-01-08,S001,P001,145,100.0,0,1,Supermarket,Grocery,338
2026-01-09,S001,P001,116,100.0,0,0,Supermarket,Grocery,311
2026-01-10,S001,P001,142,100.0,0,0,Supermarket,Grocery,304
2026-01-11,S001,P001,144,100.0,0,0,Supermarket,Grocery,272
2026-01-12,S001,P001,147,100.0,0,1,Supermarket,Grocery,257
2026-01-13,S001,P001,109,100.0,0,0,Supermarket,Grocery,233
2026-01-14,S001,P001,118,100.0,0,0,Supermarket,Grocery,227
2026-01-15,S001,P001,125,100.0,0,0,Supermarket,Grocery,497
2026-01-16,S001,P001,121,100.0,0,0,Supermarket,Grocery,477
2026-01-17,S001,P001,178,100.0,10,1,Supermarket,Grocery,462
2026-01-18,S001,P001,143,100.0,0,0,Supermarket,Grocery,444
2026-01-19,S001,P001,120,100.0,0,0,Supermarket,Grocery,410
2026-01-20,S001,P001,118,100.0,0,0,Supermarket,Grocery,400
2026-01-21,S001,P001,127,100.0,0,0,Supermarket,Grocery,374
2026-01-22,S001,P001,150,100.0,0,1,Supermarket,Grocery,356
2026-01-23,S001,P001,144,100.0,0,1,Supermarket,Grocery,334
2026-01-24,S001,P001,129,100.0,0,0,Supermarket,Grocery,317
2026-01-25,S001,P001,119,100.0,0,0,Supermarket,Grocery,304
2026-01-26,S001,P001,128,100.0,0,0,Supermarket,Grocery,270
2026-01-27,S001,P001,114,100.0,0,0,Supermarket,Grocery,258
2026-01-28,S001,P001,114,100.0,0,0,Supermarket,Grocery,239
2026-01-29,S001,P001,121,100.0,0,0,Supermarket,Grocery,226
2026-01-30,S001,P001,120,100.0,0,0,Supermarket,Grocery,493
2026-01-31,S001,P001,171,100.0,0,1,Supermarket,Grocery,473
2026-02-01,S001,P001,156,100.0,0,1,Supermarket,Grocery,488
2026-02-02,S001,P001,127,100.0,0,0,Supermarket,Grocery,461
2026-02-03,S001,P001,122,100.0,0,0,Supermarket,Grocery,440
2026-02-04,S001,P001,118,100.0,0,0,Supermarket,Grocery,410
2026-02-05,S001,P001,114,100.0,0,0,Supermarket,Grocery,409
2026-02-06,S001,P001,114,100.0,0,0,Supermarket,Grocery,378
2026-02-07,S001,P001,131,100.0,0,0,Supermarket,Grocery,350
2026-02-08,S001,P001,138,100.0,0,0,Supermarket,Grocery,338
2026-02-09,S001,P001,119,100.0,0,0,Supermarket,Grocery,326
2026-02-10,S001,P001,126,100.0,0,0,Supermarket,Grocery,292
2026-02-11,S001,P001,112,100.0,0,0,Supermarket,Grocery,286
2026-02-12,S001,P001,145,100.0,0,1,Supermarket,Grocery,254
2026-02-13,S001,P001,122,100.0,0,0,Supermarket,Grocery,230
2026-02-14,S001,P001,135,100.0,0,0,Supermarket,Grocery,215
2026-02-15,S001,P001,126,100.0,0,0,Supermarket,Grocery,493
2026-02-16,S001,P001,110,100.0,0,0,Supermarket,Grocery,475
2026-02-17,S001,P001,115,100.0,0,0,Supermarket,Grocery,469
2026-02-18,S001,P001,149,100.0,0,1,Supermarket,Grocery,438
2026-02-19,S001,P001,124,100.0,0,0,Supermarket,Grocery,415
2026-02-20,S001,P001,117,100.0,0,0,Supermarket,Grocery,393
2026-02-21,S001,P001,141,100.0,0,0,Supermarket,Grocery,372
2026-02-22,S001,P001,163,100.0,0,1,Supermarket,Grocery,357
2026-02-23,S001,P001,101,100.0,0,0,Supermarket,Grocery,347
2026-02-24,S001,P001,151,100.0,15,1,Supermarket,Grocery,325
2026-02-25,S001,P001,111,100.0,0,0,Supermarket,Grocery,306
2026-02-26,S001,P001,122,100.0,0,0,Supermarket,Grocery,278
2026-02-27,S001,P001,126,100.0,0,0,Supermarket,Grocery,268
2026-02-28,S001,P001,139,100.0,0,0,Supermarket,Grocery,240
2026-03-01,S001,P001,169,100.0,10,1,Supermarket,Grocery,477
2026-03-02,S001,P001,121,100.0,0,0,Supermarket,Grocery,452
2026-03-03,S001,P001,111,100.0,0,0,Supermarket,Grocery,438
2026-03-04,S001,P001,120,100.0,0,0,Supermarket,Grocery,425
2026-03-05,S001,P001,117,100.0,0,0,Supermarket,Grocery,397
2026-03-06,S001,P001,139,100.0,0,1,Supermarket,Grocery,388
2026-03-07,S001,P001,136,100.0,0,0,Supermarket,Grocery,363
2026-03-08,S001,P001,135,100.0,0,0,Supermarket,Grocery,337
2026-03-09,S001,P001,123,100.0,0,0,Supermarket,Grocery,311
2026-03-10,S001,P001,130,100.0,0,0,Supermarket,Grocery,290
2026-03-11,S001,P001,129,100.0,0,0,Supermarket,Grocery,285
2026-03-12,S001,P001,120,100.0,0,0,Supermarket,Grocery,266
2026-03-13,S001,P001,144,100.0,0,1,Supermarket,Grocery,243
2026-03-14,S001,P001,163,100.0,0,1,Supermarket,Grocery,212
2026-03-15,S001,P001,160,100.0,0,1,Supermarket,Grocery,490
2026-03-16,S001,P001,121,100.0,0,0,Supermarket,Grocery,472
2026-03-17,S001,P001,111,100.0,0,0,Supermarket,Grocery,467
2026-03-18,S001,P001,128,100.0,0,0,Supermarket,Grocery,446
2026-03-19,S001,P001,145,100.0,0,1,Supermarket,Grocery,425
2026-03-20,S001,P001,115,100.0,0,0,Supermarket,Grocery,407
2026-03-21,S001,P001,147,100.0,15,1,Supermarket,Grocery,376
2026-03-22,S001,P001,139,100.0,0,0,Supermarket,Grocery,363
2026-03-23,S001,P001,129,100.0,0,0,Supermarket,Grocery,341
2026-03-24,S001,P001,133,100.0,0,1,Supermarket,Grocery,328
2026-03-25,S001,P001,136,100.0,0,0,Supermarket,Grocery,306
2026-03-26,S001,P001,117,100.0,0,0,Supermarket,Grocery,274
2026-03-27,S001,P001,128,100.0,0,0,Supermarket,Grocery,261
2026-03-28,S001,P001,157,100.0,0,1,Supermarket,Grocery,244
2026-03-29,S001,P001,138,100.0,0,0,Supermarket,Grocery,217
2026-03-30,S001,P001,120,100.0,0,0,Supermarket,Grocery,508
2026-03-31,S001,P001,123,100.0,0,0,Supermarket,Grocery,488
2026-04-01,S001,P001,114,100.0,0,0,Supermarket,Grocery,470
2026-04-02,S001,P001,133,100.0,0,0,Supermarket,Grocery,465
2026-04-03,S001,P001,121,100.0,0,0,Supermarket,Grocery,436
2026-04-04,S001,P001,139,100.0,0,0,Supermarket,Grocery,414
2026-04-05,S001,P001,123,100.0,0,0,Supermarket,Grocery,405
2026-04-06,S001,P001,117,100.0,0,0,Supermarket,Grocery,383
2026-04-07,S001,P001,118,100.0,0,0,Supermarket,Grocery,369
2026-04-08,S001,P001,116,100.0,0,0,Supermarket,Grocery,345
2026-04-09,S001,P001,95,100.0,0,0,Supermarket,Grocery,310
2026-04-10,S001,P001,112,100.0,0,0,Supermarket,Grocery,294
2026-04-11,S001,P001,147,100.0,0,0,Supermarket,Grocery,271
2026-04-12,S001,P001,145,100.0,0,0,Supermarket,Grocery,259
2026-04-13,S001,P001,129,100.0,0,0,Supermarket,Grocery,234
2026-04-14,S001,P001,120,100.0,0,0,Supermarket,Grocery,225
2026-04-15,S001,P001,119,100.0,0,0,Supermarket,Grocery,509
2026-04-16,S001,P001,120,100.0,0,0,Supermarket,Grocery,487
2026-04-17,S001,P001,121,100.0,0,0,Supermarket,Grocery,460
2026-04-18,S001,P001,158,100.0,0,1,Supermarket,Grocery,430
2026-04-19,S001,P001,130,100.0,0,0,Supermarket,Grocery,421
2026-04-20,S001,P001,114,100.0,0,0,Supermarket,Grocery,391
2026-04-21,S001,P001,108,100.0,0,0,Supermarket,Grocery,377
2026-04-22,S001,P001,128,100.0,0,0,Supermarket,Grocery,359
2026-04-23,S001,P001,116,100.0,0,0,Supermarket,Grocery,333
2026-04-24,S001,P001,126,100.0,0,0,Supermarket,Grocery,327
2026-04-25,S001,P001,137,100.0,0,0,Supermarket,Grocery,293
2026-04-26,S001,P001,139,100.0,0,0,Supermarket,Grocery,278
2026-04-27,S001,P001,132,100.0,0,0,Supermarket,Grocery,253
2026-04-28,S001,P001,124,100.0,0,0,Supermarket,Grocery,236
2026-04-29,S001,P001,121,100.0,0,0,Supermarket,Grocery,221
2026-04-30,S001,P001,128,100.0,0,0,Supermarket,Grocery,502
2026-05-01,S001,P001,115,100.0,0,0,Supermarket,Grocery,486
2026-05-02,S001,P001,125,100.0,0,0,Supermarket,Grocery,465
2026-05-03,S001,P001,131,100.0,0,0,Supermarket,Grocery,433
2026-05-04,S001,P001,118,100.0,0,0,Supermarket,Grocery,418
2026-05-05,S001,P001,145,100.0,0,1,Supermarket,Grocery,409
2026-05-06,S001,P001,122,100.0,0,0,Supermarket,Grocery,384
2026-05-07,S001,P001,121,100.0,0,0,Supermarket,Grocery,369
2026-05-08,S001,P001,114,100.0,0,0,Supermarket,Grocery,333
2026-05-09,S001,P001,174,100.0,10,1,Supermarket,Grocery,324
2026-05-10,S001,P001,138,100.0,0,0,Supermarket,Grocery,299
2026-05-11,S001,P001,143,100.0,15,1,Supermarket,Grocery,277
2026-05-12,S001,P001,129,100.0,0,0,Supermarket,Grocery,267
2026-05-13,S001,P001,133,100.0,0,1,Supermarket,Grocery,237
2026-05-14,S001,P001,120,100.0,0,0,Supermarket,Grocery,210
2026-05-15,S001,P001,146,100.0,0,1,Supermarket,Grocery,493
2026-05-16,S001,P001,141,100.0,0,0,Supermarket,Grocery,488
2026-05-17,S001,P001,119,100.0,0,0,Supermarket,Grocery,468
2026-05-18,S001,P001,132,100.0,0,0,Supermarket,Grocery,432
2026-05-19,S001,P001,131,100.0,0,0,Supermarket,Grocery,429
2026-05-20,S001,P001,105,100.0,0,0,Supermarket,Grocery,398
2026-05-21,S001,P001,112,100.0,0,0,Supermarket,Grocery,386
2026-05-22,S001,P001,126,100.0,0,0,Supermarket,Grocery,350
2026-05-23,S001,P001,135,100.0,0,0,Supermarket,Grocery,340
2026-05-24,S001,P001,167,100.0,0,1,Supermarket,Grocery,328
2026-05-25,S001,P001,156,100.0,0,1,Supermarket,Grocery,290
2026-05-26,S001,P001,127,100.0,0,0,Supermarket,Grocery,272
2026-05-27,S001,P001,145,100.0,0,1,Supermarket,Grocery,257
2026-05-28,S001,P001,127,100.0,0,0,Supermarket,Grocery,233
2026-05-29,S001,P001,128,100.0,0,0,Supermarket,Grocery,214
2026-05-30,S001,P001,146,100.0,20,1,Supermarket,Grocery,506
2026-05-31,S001,P001,148,100.0,0,0,Supermarket,Grocery,485
2026-06-01,S001,P001,109,100.0,0,0,Supermarket,Grocery,483
2026-06-02,S001,P001,120,100.0,0,0,Supermarket,Grocery,454
2026-06-03,S001,P001,125,100.0,0,0,Supermarket,Grocery,431
2026-06-04,S001,P001,121,100.0,0,0,Supermarket,Grocery,414
2026-06-05,S001,P001,128,100.0,0,0,Supermarket,Grocery,390
2026-06-06,S001,P001,137,100.0,0,0,Supermarket,Grocery,380
2026-06-07,S001,P001,135,100.0,0,0,Supermarket,Grocery,366
2026-06-08,S001,P001,133,100.0,0,1,Supermarket,Grocery,345
2026-06-09,S001,P001,116,100.0,0,0,Supermarket,Grocery,326
2026-06-10,S001,P001,122,100.0,0,0,Supermarket,Grocery,294
2026-06-11,S001,P001,121,100.0,0,0,Supermarket,Grocery,279
2026-06-12,S001,P001,137,100.0,0,1,Supermarket,Grocery,268
2026-06-13,S001,P001,134,100.0,0,0,Supermarket,Grocery,233
2026-06-14,S001,P001,143,100.0,0,0,Supermarket,Grocery,217
2026-06-15,S001,P001,132,100.0,0,0,Supermarket,Grocery,491
2026-06-16,S001,P001,116,100.0,0,0,Supermarket,Grocery,470
2026-06-17,S001,P001,127,100.0,0,0,Supermarket,Grocery,454
2026-06-18,S001,P001,123,100.0,0,0,Supermarket,Grocery,444
2026-06-19,S001,P001,130,100.0,0,0,Supermarket,Grocery,414
2026-06-20,S001,P001,128,100.0,0,0,Supermarket,Grocery,395
2026-06-21,S001,P001,140,100.0,0,0,Supermarket,Grocery,371
2026-06-22,S001,P001,107,100.0,0,0,Supermarket,Grocery,368
2026-06-23,S001,P001,156,100.0,0,1,Supermarket,Grocery,335
2026-06-24,S001,P001,118,100.0,0,0,Supermarket,Grocery,319
2026-06-25,S001,P001,149,100.0,15,1,Supermarket,Grocery,293
2026-06-26,S001,P001,123,100.0,0,0,Supermarket,Grocery,289
2026-06-27,S001,P001,139,100.0,0,0,Supermarket,Grocery,251
2026-06-28,S001,P001,126,100.0,0,0,Supermarket,Grocery,240
2026-06-29,S001,P001,116,100.0,0,0,Supermarket,Grocery,228
2026-06-30,S001,P001,138,100.0,0,0,Supermarket,Grocery,500
2026-07-01,S001,P001,112,100.0,0,0,Supermarket,Grocery,477
2026-07-02,S001,P001,114,100.0,0,0,Supermarket,Grocery,452
2026-07-03,S001,P001,133,100.0,0,0,Supermarket,Grocery,447
2026-07-04,S001,P001,139,100.0,0,0,Supermarket,Grocery,427
2026-07-05,S001,P001,131,100.0,0,0,Supermarket,Grocery,395
2026-07-06,S001,P001,109,100.0,0,0,Supermarket,Grocery,371
2026-07-07,S001,P001,119,100.0,0,0,Supermarket,Grocery,362
2026-07-08,S001,P001,120,100.0,0,0,Supermarket,Grocery,344
2026-07-09,S001,P001,113,100.0,0,0,Supermarket,Grocery,320
2026-07-10,S001,P001,151,100.0,0,1,Supermarket,Grocery,306
2026-07-11,S001,P001,131,100.0,0,0,Supermarket,Grocery,289
2026-07-12,S001,P001,133,100.0,0,0,Supermarket,Grocery,263
2026-07-13,S001,P001,102,100.0,0,0,Supermarket,Grocery,242
2026-07-14,S001,P001,126,100.0,0,0,Supermarket,Grocery,220
2026-07-15,S001,P001,123,100.0,0,0,Supermarket,Grocery,502
2026-07-16,S001,P001,139,100.0,0,1,Supermarket,Grocery,474
2026-07-17,S001,P001,119,100.0,0,0,Supermarket,Grocery,456
2026-07-18,S001,P001,130,100.0,0,0,Supermarket,Grocery,441
2026-07-19,S001,P001,127,100.0,0,0,Supermarket,Grocery,422
2026-07-20,S001,P001,128,100.0,0,0,Supermarket,Grocery,402
2026-07-21,S001,P001,125,100.0,0,0,Supermarket,Grocery,373
2026-07-22,S001,P001,132,100.0,0,0,Supermarket,Grocery,366
2026-07-23,S001,P001,124,100.0,0,0,Supermarket,Grocery,339
2026-07-24,S001,P001,131,100.0,0,0,Supermarket,Grocery,311
2026-07-25,S001,P001,125,100.0,0,0,Supermarket,Grocery,302
2026-07-26,S001,P001,131,100.0,0,0,Supermarket,Grocery,285
2026-07-27,S001,P001,110,100.0,0,0,Supermarket,Grocery,260
2026-07-28,S001,P001,126,100.0,0,0,Supermarket,Grocery,244
2026-07-29,S001,P001,146,100.0,0,1,Supermarket,Grocery,215
2026-07-30,S001,P001,120,100.0,0,0,Supermarket,Grocery,497
2026-07-31,S001,P001,126,100.0,0,0,Supermarket,Grocery,482
2026-08-01,S001,P001,131,100.0,0,0,Supermarket,Grocery,488
2026-08-02,S001,P001,127,100.0,0,0,Supermarket,Grocery,469
2026-08-03,S001,P001,122,100.0,0,0,Supermarket,Grocery,435
2026-08-04,S001,P001,113,100.0,0,0,Supermarket,Grocery,420
2026-08-05,S001,P001,132,100.0,0,1,Supermarket,Grocery,399
2026-08-06,S001,P001,129,100.0,0,0,Supermarket,Grocery,379
2026-08-07,S001,P001,141,100.0,0,1,Supermarket,Grocery,354
2026-08-08,S001,P001,141,100.0,0,0,Supermarket,Grocery,338
2026-08-09,S001,P001,116,100.0,0,0,Supermarket,Grocery,326
2026-08-10,S001,P001,139,100.0,10,1,Supermarket,Grocery,307
2026-08-11,S001,P001,121,100.0,0,0,Supermarket,Grocery,281
2026-08-12,S001,P001,120,100.0,0,0,Supermarket,Grocery,250
2026-08-13,S001,P001,129,100.0,0,0,Supermarket,Grocery,237
2026-08-14,S001,P001,147,100.0,10,1,Supermarket,Grocery,212
2026-08-15,S001,P001,139,100.0,0,0,Supermarket,Grocery,493
2026-08-16,S001,P001,143,100.0,0,0,Supermarket,Grocery,479
2026-08-17,S001,P001,118,100.0,0,0,Supermarket,Grocery,463
2026-08-18,S001,P001,155,100.0,0,1,Supermarket,Grocery,430
2026-08-19,S001,P001,108,100.0,0,0,Supermarket,Grocery,410
2026-08-20,S001,P001,120,100.0,0,0,Supermarket,Grocery,391
2026-08-21,S001,P001,121,100.0,0,0,Supermarket,Grocery,388
2026-08-22,S001,P001,141,100.0,0,0,Supermarket,Grocery,352
2026-08-23,S001,P001,129,100.0,0,0,Supermarket,Grocery,344
2026-08-24,S001,P001,142,100.0,0,1,Supermarket,Grocery,316
2026-08-25,S001,P001,127,100.0,0,0,Supermarket,Grocery,290
2026-01-01,S001,P002,45,250.0,0,0,Supermarket,Electronics,471
2026-01-02,S001,P002,38,250.0,0,0,Supermarket,Electronics,455
2026-01-03,S001,P002,61,250.0,0,0,Supermarket,Electronics,444
2026-01-04,S001,P002,90,250.0,0,1,Supermarket,Electronics,414
2026-01-05,S001,P002,37,250.0,0,0,Supermarket,Electronics,393
2026-01-06,S001,P002,46,250.0,0,0,Supermarket,Electronics,388
2026-01-07,S001,P002,50,250.0,0,0,Supermarket,Electronics,360
2026-01-08,S001,P002,31,250.0,0,0,Supermarket,Electronics,344
2026-01-09,S001,P002,35,250.0,0,0,Supermarket,Electronics,320
2026-01-10,S001,P002,56,250.0,0,0,Supermarket,Electronics,290
2026-01-11,S001,P002,76,250.0,0,0,Supermarket,Electronics,280
2026-01-12,S001,P002,68,250.0,0,1,Supermarket,Electronics,257
2026-01-13,S001,P002,41,250.0,0,0,Supermarket,Electronics,246
2026-01-14,S001,P002,30,250.0,0,0,Supermarket,Electronics,223
2026-01-15,S001,P002,80,250.0,15,1,Supermarket,Electronics,490
2026-01-16,S001,P002,40,250.0,0,0,Supermarket,Electronics,477
2026-01-17,S001,P002,63,250.0,0,0,Supermarket,Electronics,464
2026-01-18,S001,P002,63,250.0,0,0,Supermarket,Electronics,438
2026-01-19,S001,P002,36,250.0,0,0,Supermarket,Electronics,429
2026-01-20,S001,P002,39,250.0,0,0,Supermarket,Electronics,407
2026-01-21,S001,P002,45,250.0,0,0,Supermarket,Electronics,386
2026-01-22,S001,P002,43,250.0,0,0,Supermarket,Electronics,369
2026-01-23,S001,P002,28,250.0,0,0,Supermarket,Electronics,330
2026-01-24,S001,P002,69,250.0,0,0,Supermarket,Electronics,327
2026-01-25,S001,P002,64,250.0,0,0,Supermarket,Electronics,296
2026-01-26,S001,P002,73,250.0,0,1,Supermarket,Electronics,277
2026-01-27,S001,P002,41,250.0,0,0,Supermarket,Electronics,250
2026-01-28,S001,P002,30,250.0,0,0,Supermarket,Electronics,248
2026-01-29,S001,P002,25,250.0,0,0,Supermarket,Electronics,226
2026-01-30,S001,P002,60,250.0,0,0,Supermarket,Electronics,507
2026-01-31,S001,P002,47,250.0,0,0,Supermarket,Electronics,488
2026-02-01,S001,P002,34,250.0,0,0,Supermarket,Electronics,487
2026-02-02,S001,P002,48,250.0,0,0,Supermarket,Electronics,468
2026-02-03,S001,P002,42,250.0,0,0,Supermarket,Electronics,436
2026-02-04,S001,P002,38,250.0,0,0,Supermarket,Electronics,419
2026-02-05,S001,P002,32,250.0,0,0,Supermarket,Electronics,407
2026-02-06,S001,P002,79,250.0,0,1,Supermarket,Electronics,372
2026-02-07,S001,P002,55,250.0,0,0,Supermarket,Electronics,352
2026-02-08,S001,P002,79,250.0,0,1,Supermarket,Electronics,337
2026-02-09,S001,P002,46,250.0,0,0,Supermarket,Electronics,323
2026-02-10,S001,P002,58,250.0,0,1,Supermarket,Electronics,294
2026-02-11,S001,P002,27,250.0,0,0,Supermarket,Electronics,287
2026-02-12,S001,P002,33,250.0,0,0,Supermarket,Electronics,256
2026-02-13,S001,P002,42,250.0,0,0,Supermarket,Electronics,247
2026-02-14,S001,P002,86,250.0,10,1,Supermarket,Electronics,229
2026-02-15,S001,P002,52,250.0,0,0,Supermarket,Electronics,501
2026-02-16,S001,P002,73,250.0,0,1,Supermarket,Electronics,478
2026-02-17,S001,P002,41,250.0,0,0,Supermarket,Electronics,461
2026-02-18,S001,P002,40,250.0,0,0,Supermarket,Electronics,439
2026-02-19,S001,P002,40,250.0,0,0,Supermarket,Electronics,426
2026-02-20,S001,P002,42,250.0,0,0,Supermarket,Electronics,406
2026-02-21,S001,P002,72,250.0,0,0,Supermarket,Electronics,376
2026-02-22,S001,P002,60,250.0,0,0,Supermarket,Electronics,360
2026-02-23,S001,P002,48,250.0,0,0,Supermarket,Electronics,335
2026-02-24,S001,P002,74,250.0,0,1,Supermarket,Electronics,313
2026-02-25,S001,P002,39,250.0,0,0,Supermarket,Electronics,295
2026-02-26,S001,P002,60,250.0,0,1,Supermarket,Electronics,279
2026-02-27,S001,P002,33,250.0,0,0,Supermarket,Electronics,257
2026-02-28,S001,P002,48,250.0,0,0,Supermarket,Electronics,242
2026-03-01,S001,P002,41,250.0,0,0,Supermarket,Electronics,483
2026-03-02,S001,P002,30,250.0,0,0,Supermarket,Electronics,460
2026-03-03,S001,P002,41,250.0,0,0,Supermarket,Electronics,440
2026-03-04,S001,P002,39,250.0,0,0,Supermarket,Electronics,413
2026-03-05,S001,P002,44,250.0,0,0,Supermarket,Electronics,391
2026-03-06,S001,P002,26,250.0,0,0,Supermarket,Electronics,374
2026-03-07,S001,P002,57,250.0,0,0,Supermarket,Electronics,368
2026-03-08,S001,P002,42,250.0,0,0,Supermarket,Electronics,340
2026-03-09,S001,P002,67,250.0,20,1,Supermarket,Electronics,311
2026-03-10,S001,P002,32,250.0,0,0,Supermarket,Electronics,298
2026-03-11,S001,P002,53,250.0,0,0,Supermarket,Electronics,277
2026-03-12,S001,P002,35,250.0,0,0,Supermarket,Electronics,256
2026-03-13,S001,P002,38,250.0,0,0,Supermarket,Electronics,246
2026-03-14,S001,P002,50,250.0,0,0,Supermarket,Electronics,219
2026-03-15,S001,P002,49,250.0,0,0,Supermarket,Electronics,505
2026-03-16,S001,P002,65,250.0,10,1,Supermarket,Electronics,486
2026-03-17,S001,P002,46,250.0,0,0,Supermarket,Electronics,467
2026-03-18,S001,P002,43,250.0,0,0,Supermarket,Electronics,444
2026-03-19,S001,P002,41,250.0,0,0,Supermarket,Electronics,419
2026-03-20,S001,P002,37,250.0,0,0,Supermarket,Electronics,406
2026-03-21,S001,P002,61,250.0,0,0,Supermarket,Electronics,383
2026-03-22,S001,P002,56,250.0,0,0,Supermarket,Electronics,356
2026-03-23,S001,P002,40,250.0,0,0,Supermarket,Electronics,349
2026-03-24,S001,P002,70,250.0,0,1,Supermarket,Electronics,319
2026-03-25,S001,P002,30,250.0,0,0,Supermarket,Electronics,301
2026-03-26,S001,P002,51,250.0,0,0,Supermarket,Electronics,271
2026-03-27,S001,P002,49,250.0,0,1,Supermarket,Electronics,256
2026-03-28,S001,P002,45,250.0,0,0,Supermarket,Electronics,246
2026-03-29,S001,P002,64,250.0,0,0,Supermarket,Electronics,210
2026-03-30,S001,P002,71,250.0,0,1,Supermarket,Electronics,491
2026-03-31,S001,P002,40,250.0,0,0,Supermarket,Electronics,472
2026-04-01,S001,P002,48,250.0,0,0,Supermarket,Electronics,483
2026-04-02,S001,P002,36,250.0,0,0,Supermarket,Electronics,461
2026-04-03,S001,P002,51,250.0,0,0,Supermarket,Electronics,441
2026-04-04,S001,P002,67,250.0,10,1,Supermarket,Electronics,414
2026-04-05,S001,P002,41,250.0,0,0,Supermarket,Electronics,406
2026-04-06,S001,P002,30,250.0,0,0,Supermarket,Electronics,373
2026-04-07,S001,P002,33,250.0,0,0,Supermarket,Electronics,354
2026-04-08,S001,P002,25,250.0,0,0,Supermarket,Electronics,333
2026-04-09,S001,P002,31,250.0,0,0,Supermarket,Electronics,314
2026-04-10,S001,P002,39,250.0,0,0,Supermarket,Electronics,303
2026-04-11,S001,P002,49,250.0,0,0,Supermarket,Electronics,282
2026-04-12,S001,P002,79,250.0,10,1,Supermarket,Electronics,268
2026-04-13,S001,P002,35,250.0,0,0,Supermarket,Electronics,239
2026-04-14,S001,P002,37,250.0,0,0,Supermarket,Electronics,212
2026-04-15,S001,P002,65,250.0,10,1,Supermarket,Electronics,504
2026-04-16,S001,P002,60,250.0,0,0,Supermarket,Electronics,486
2026-04-17,S001,P002,43,250.0,0,0,Supermarket,Electronics,459
2026-04-18,S001,P002,56,250.0,0,0,Supermarket,Electronics,432
2026-04-19,S001,P002,80,250.0,0,1,Supermarket,Electronics,424
2026-04-20,S001,P002,23,250.0,0,0,Supermarket,Electronics,398
2026-04-21,S001,P002,33,250.0,0,0,Supermarket,Electronics,371
2026-04-22,S001,P002,70,250.0,10,1,Supermarket,Electronics,351
2026-04-23,S001,P002,56,250.0,0,0,Supermarket,Electronics,344
2026-04-24,S001,P002,39,250.0,0,0,Supermarket,Electronics,327
2026-04-25,S001,P002,55,250.0,0,0,Supermarket,Electronics,305
2026-04-26,S001,P002,28,250.0,0,0,Supermarket,Electronics,288
2026-04-27,S001,P002,59,250.0,0,1,Supermarket,Electronics,251
2026-04-28,S001,P002,43,250.0,0,0,Supermarket,Electronics,248
2026-04-29,S001,P002,70,250.0,0,1,Supermarket,Electronics,225
2026-04-30,S001,P002,44,250.0,0,0,Supermarket,Electronics,499
2026-05-01,S001,P002,46,250.0,0,0,Supermarket,Electronics,475
2026-05-02,S001,P002,63,250.0,0,0,Supermarket,Electronics,459
2026-05-03,S001,P002,55,250.0,0,0,Supermarket,Electronics,440
2026-05-04,S001,P002,52,250.0,0,0,Supermarket,Electronics,421
2026-05-05,S001,P002,42,250.0,0,0,Supermarket,Electronics,402
2026-05-06,S001,P002,40,250.0,0,0,Supermarket,Electronics,371
2026-05-07,S001,P002,40,250.0,0,0,Supermarket,Electronics,362
2026-05-08,S001,P002,42,250.0,0,0,Supermarket,Electronics,339
2026-05-09,S001,P002,52,250.0,0,0,Supermarket,Electronics,311
2026-05-10,S001,P002,59,250.0,0,0,Supermarket,Electronics,293
2026-05-11,S001,P002,41,250.0,0,0,Supermarket,Electronics,273
2026-05-12,S001,P002,48,250.0,0,0,Supermarket,Electronics,266
2026-05-13,S001,P002,32,250.0,0,0,Supermarket,Electronics,230
2026-05-14,S001,P002,56,250.0,0,0,Supermarket,Electronics,229
2026-05-15,S001,P002,35,250.0,0,0,Supermarket,Electronics,496
2026-05-16,S001,P002,52,250.0,0,0,Supermarket,Electronics,488
2026-05-17,S001,P002,64,250.0,0,0,Supermarket,Electronics,451
2026-05-18,S001,P002,31,250.0,0,0,Supermarket,Electronics,440
2026-05-19,S001,P002,39,250.0,0,0,Supermarket,Electronics,411
2026-05-20,S001,P002,37,250.0,0,0,Supermarket,Electronics,392
2026-05-21,S001,P002,63,250.0,0,1,Supermarket,Electronics,384
2026-05-22,S001,P002,31,250.0,0,0,Supermarket,Electronics,354
2026-05-23,S001,P002,93,250.0,0,1,Supermarket,Electronics,335
2026-05-24,S001,P002,45,250.0,0,0,Supermarket,Electronics,324
2026-05-25,S001,P002,51,250.0,0,0,Supermarket,Electronics,297
2026-05-26,S001,P002,39,250.0,0,0,Supermarket,Electronics,287
2026-05-27,S001,P002,31,250.0,0,0,Supermarket,Electronics,252
2026-05-28,S001,P002,44,250.0,0,0,Supermarket,Electronics,232
2026-05-29,S001,P002,38,250.0,0,0,Supermarket,Electronics,224
2026-05-30,S001,P002,50,250.0,0,0,Supermarket,Electronics,495
2026-05-31,S001,P002,69,250.0,0,0,Supermarket,Electronics,471
2026-06-01,S001,P002,37,250.0,0,0,Supermarket,Electronics,477
2026-06-02,S001,P002,25,250.0,0,0,Supermarket,Electronics,467
2026-06-03,S001,P002,28,250.0,0,0,Supermarket,Electronics,442
2026-06-04,S001,P002,46,250.0,0,0,Supermarket,Electronics,415
2026-06-05,S001,P002,61,250.0,10,1,Supermarket,Electronics,401
2026-06-06,S001,P002,83,250.0,0,1,Supermarket,Electronics,385
2026-06-07,S001,P002,51,250.0,0,0,Supermarket,Electronics,357
2026-06-08,S001,P002,31,250.0,0,0,Supermarket,Electronics,330
2026-06-09,S001,P002,39,250.0,0,0,Supermarket,Electronics,310
2026-06-10,S001,P002,60,250.0,0,1,Supermarket,Electronics,296
2026-06-11,S001,P002,54,250.0,0,0,Supermarket,Electronics,287
2026-06-12,S001,P002,70,250.0,0,1,Supermarket,Electronics,261
2026-06-13,S001,P002,66,250.0,0,0,Supermarket,Electronics,235
2026-06-14,S001,P002,62,250.0,0,0,Supermarket,Electronics,218
2026-06-15,S001,P002,54,250.0,0,0,Supermarket,Electronics,497
2026-06-16,S001,P002,67,250.0,0,1,Supermarket,Electronics,489
2026-06-17,S001,P002,40,250.0,0,0,Supermarket,Electronics,452
2026-06-18,S001,P002,47,250.0,0,0,Supermarket,Electronics,439
2026-06-19,S001,P002,45,250.0,0,0,Supermarket,Electronics,421
2026-06-20,S001,P002,67,250.0,0,0,Supermarket,Electronics,402
2026-06-21,S001,P002,53,250.0,0,0,Supermarket,Electronics,382
2026-06-22,S001,P002,24,250.0,0,0,Supermarket,Electronics,368
2026-06-23,S001,P002,44,250.0,0,0,Supermarket,Electronics,332
2026-06-24,S001,P002,25,250.0,0,0,Supermarket,Electronics,328
2026-06-25,S001,P002,38,250.0,0,0,Supermarket,Electronics,309
2026-06-26,S001,P002,27,250.0,0,0,Supermarket,Electronics,281
2026-06-27,S001,P002,79,250.0,0,0,Supermarket,Electronics,268
2026-06-28,S001,P002,57,250.0,0,0,Supermarket,Electronics,233
2026-06-29,S001,P002,52,250.0,0,0,Supermarket,Electronics,224
2026-06-30,S001,P002,53,250.0,0,1,Supermarket,Electronics,499
2026-07-01,S001,P002,55,250.0,0,1,Supermarket,Electronics,487
2026-07-02,S001,P002,28,250.0,0,0,Supermarket,Electronics,464
2026-07-03,S001,P002,37,250.0,0,0,Supermarket,Electronics,439
2026-07-04,S001,P002,66,250.0,0,0,Supermarket,Electronics,423
2026-07-05,S001,P002,50,250.0,0,0,Supermarket,Electronics,398
2026-07-06,S001,P002,39,250.0,0,0,Supermarket,Electronics,384
2026-07-07,S001,P002,54,250.0,0,0,Supermarket,Electronics,356
2026-07-08,S001,P002,47,250.0,0,0,Supermarket,Electronics,331
2026-07-09,S001,P002,78,250.0,0,1,Supermarket,Electronics,313
2026-07-10,S001,P002,77,250.0,0,1,Supermarket,Electronics,300
2026-07-11,S001,P002,76,250.0,0,1,Supermarket,Electronics,281
2026-07-12,S001,P002,65,250.0,0,1,Supermarket,Electronics,269
2026-07-13,S001,P002,30,250.0,0,0,Supermarket,Electronics,240
2026-07-14,S001,P002,28,250.0,0,0,Supermarket,Electronics,214
2026-07-15,S001,P002,45,250.0,0,0,Supermarket,Electronics,504
2026-07-16,S001,P002,72,250.0,0,1,Supermarket,Electronics,489
2026-07-17,S001,P002,40,250.0,0,0,Supermarket,Electronics,469
2026-07-18,S001,P002,50,250.0,0,0,Supermarket,Electronics,430
2026-07-19,S001,P002,60,250.0,0,0,Supermarket,Electronics,414
2026-07-20,S001,P002,40,250.0,0,0,Supermarket,Electronics,408
2026-07-21,S001,P002,41,250.0,0,0,Supermarket,Electronics,376
2026-07-22,S001,P002,43,250.0,0,0,Supermarket,Electronics,364
2026-07-23,S001,P002,43,250.0,0,0,Supermarket,Electronics,342
2026-07-24,S001,P002,24,250.0,0,0,Supermarket,Electronics,327
2026-07-25,S001,P002,57,250.0,0,0,Supermarket,Electronics,295
2026-07-26,S001,P002,75,250.0,0,1,Supermarket,Electronics,271
2026-07-27,S001,P002,40,250.0,0,0,Supermarket,Electronics,267
2026-07-28,S001,P002,41,250.0,0,0,Supermarket,Electronics,237
2026-07-29,S001,P002,66,250.0,10,1,Supermarket,Electronics,213
2026-07-30,S001,P002,38,250.0,0,0,Supermarket,Electronics,508
2026-07-31,S001,P002,71,250.0,10,1,Supermarket,Electronics,471
2026-08-01,S001,P002,94,250.0,0,1,Supermarket,Electronics,478
2026-08-02,S001,P002,78,250.0,20,1,Supermarket,Electronics,458
2026-08-03,S001,P002,41,250.0,0,0,Supermarket,Electronics,431
2026-08-04,S001,P002,49,250.0,0,0,Supermarket,Electronics,415
2026-08-05,S001,P002,56,250.0,15,1,Supermarket,Electronics,408
2026-08-06,S001,P002,72,250.0,0,1,Supermarket,Electronics,384
2026-08-07,S001,P002,30,250.0,0,0,Supermarket,Electronics,356
2026-08-08,S001,P002,61,250.0,0,0,Supermarket,Electronics,330
2026-08-09,S001,P002,38,250.0,0,0,Supermarket,Electronics,326
2026-08-10,S001,P002,40,250.0,0,0,Supermarket,Electronics,297
2026-08-11,S001,P002,39,250.0,0,0,Supermarket,Electronics,279
2026-08-12,S001,P002,65,250.0,0,0,Supermarket,Electronics,257
2026-08-13,S001,P002,40,250.0,0,0,Supermarket,Electronics,235
2026-08-14,S001,P002,52,250.0,10,1,Supermarket,Electronics,213
2026-08-15,S001,P002,56,250.0,0,0,Supermarket,Electronics,505
2026-08-16,S001,P002,61,250.0,0,0,Supermarket,Electronics,480
2026-08-17,S001,P002,47,250.0,0,0,Supermarket,Electronics,460
2026-08-18,S001,P002,46,250.0,0,0,Supermarket,Electronics,433
2026-08-19,S001,P002,67,250.0,0,1,Supermarket,Electronics,422
2026-08-20,S001,P002,40,250.0,0,0,Supermarket,Electronics,405
2026-08-21,S001,P002,33,250.0,0,0,Supermarket,Electronics,383
2026-08-22,S001,P002,56,250.0,0,0,Supermarket,Electronics,365
2026-08-23,S001,P002,66,250.0,0,0,Supermarket,Electronics,347
2026-08-24,S001,P002,32,250.0,0,0,Supermarket,Electronics,321
2026-08-25,S001,P002,40,250.0,0,0,Supermarket,Electronics,302
2026-01-01,S001,PRODUCT_A,92,45.0,0,0,Supermarket,Apparel,479
2026-01-02,S001,PRODUCT_A,105,45.0,0,1,Supermarket,Apparel,456
2026-01-03,S001,PRODUCT_A,117,45.0,0,1,Supermarket,Apparel,442
2026-01-04,S001,PRODUCT_A,100,45.0,0,0,Supermarket,Apparel,418
2026-01-05,S001,PRODUCT_A,77,45.0,0,0,Supermarket,Apparel,399
2026-01-06,S001,PRODUCT_A,113,45.0,0,1,Supermarket,Apparel,374
2026-01-07,S001,PRODUCT_A,90,45.0,0,0,Supermarket,Apparel,356
2026-01-08,S001,PRODUCT_A,88,45.0,0,0,Supermarket,Apparel,347
2026-01-09,S001,PRODUCT_A,84,45.0,0,0,Supermarket,Apparel,314
2026-01-10,S001,PRODUCT_A,91,45.0,0,0,Supermarket,Apparel,292
2026-01-11,S001,PRODUCT_A,115,45.0,0,1,Supermarket,Apparel,274
2026-01-12,S001,PRODUCT_A,86,45.0,0,0,Supermarket,Apparel,256
2026-01-13,S001,PRODUCT_A,81,45.0,0,0,Supermarket,Apparel,231
2026-01-14,S001,PRODUCT_A,75,45.0,0,0,Supermarket,Apparel,216
2026-01-15,S001,PRODUCT_A,74,45.0,0,0,Supermarket,Apparel,496
2026-01-16,S001,PRODUCT_A,70,45.0,0,0,Supermarket,Apparel,480
2026-01-17,S001,PRODUCT_A,127,45.0,0,1,Supermarket,Apparel,459
2026-01-18,S001,PRODUCT_A,121,45.0,10,1,Supermarket,Apparel,433
2026-01-19,S001,PRODUCT_A,77,45.0,0,0,Supermarket,Apparel,418
2026-01-20,S001,PRODUCT_A,80,45.0,0,0,Supermarket,Apparel,402
2026-01-21,S001,PRODUCT_A,86,45.0,0,0,Supermarket,Apparel,375
2026-01-22,S001,PRODUCT_A,73,45.0,0,0,Supermarket,Apparel,352
2026-01-23,S001,PRODUCT_A,76,45.0,0,0,Supermarket,Apparel,335
2026-01-24,S001,PRODUCT_A,91,45.0,0,0,Supermarket,Apparel,321
2026-01-25,S001,PRODUCT_A,113,45.0,0,0,Supermarket,Apparel,309
2026-01-26,S001,PRODUCT_A,88,45.0,0,0,Supermarket,Apparel,281
2026-01-27,S001,PRODUCT_A,85,45.0,0,0,Supermarket,Apparel,264
2026-01-28,S001,PRODUCT_A,88,45.0,0,0,Supermarket,Apparel,245
2026-01-29,S001,PRODUCT_A,94,45.0,0,0,Supermarket,Apparel,221
2026-01-30,S001,PRODUCT_A,83,45.0,0,0,Supermarket,Apparel,501
2026-01-31,S001,PRODUCT_A,118,45.0,0,1,Supermarket,Apparel,488
2026-02-01,S001,PRODUCT_A,98,45.0,0,0,Supermarket,Apparel,474
2026-02-02,S001,PRODUCT_A,79,45.0,0,0,Supermarket,Apparel,469
2026-02-03,S001,PRODUCT_A,91,45.0,0,0,Supermarket,Apparel,447
2026-02-04,S001,PRODUCT_A,87,45.0,0,0,Supermarket,Apparel,421
2026-02-05,S001,PRODUCT_A,93,45.0,0,0,Supermarket,Apparel,391
2026-02-06,S001,PRODUCT_A,83,45.0,0,0,Supermarket,Apparel,382
2026-02-07,S001,PRODUCT_A,97,45.0,0,0,Supermarket,Apparel,351
2026-02-08,S001,PRODUCT_A,119,45.0,0,1,Supermarket,Apparel,333
2026-02-09,S001,PRODUCT_A,98,45.0,0,1,Supermarket,Apparel,320
2026-02-10,S001,PRODUCT_A,70,45.0,0,0,Supermarket,Apparel,301
2026-02-11,S001,PRODUCT_A,119,45.0,0,1,Supermarket,Apparel,287
2026-02-12,S001,PRODUCT_A,87,45.0,0,0,Supermarket,Apparel,263
2026-02-13,S001,PRODUCT_A,126,45.0,10,1,Supermarket,Apparel,249
2026-02-14,S001,PRODUCT_A,130,45.0,0,1,Supermarket,Apparel,211
2026-02-15,S001,PRODUCT_A,100,45.0,0,0,Supermarket,Apparel,490
2026-02-16,S001,PRODUCT_A,121,45.0,0,1,Supermarket,Apparel,489
2026-02-17,S001,PRODUCT_A,89,45.0,0,0,Supermarket,Apparel,458
2026-02-18,S001,PRODUCT_A,110,45.0,0,1,Supermarket,Apparel,433
2026-02-19,S001,PRODUCT_A,77,45.0,0,0,Supermarket,Apparel,413
2026-02-20,S001,PRODUCT_A,82,45.0,0,0,Supermarket,Apparel,402
2026-02-21,S001,PRODUCT_A,127,45.0,15,1,Supermarket,Apparel,375
2026-02-22,S001,PRODUCT_A,100,45.0,0,0,Supermarket,Apparel,368
2026-02-23,S001,PRODUCT_A,84,45.0,0,0,Supermarket,Apparel,334
2026-02-24,S001,PRODUCT_A,80,45.0,0,0,Supermarket,Apparel,320
2026-02-25,S001,PRODUCT_A,85,45.0,0,0,Supermarket,Apparel,304
2026-02-26,S001,PRODUCT_A,106,45.0,0,1,Supermarket,Apparel,285
2026-02-27,S001,PRODUCT_A,83,45.0,0,0,Supermarket,Apparel,250
2026-02-28,S001,PRODUCT_A,88,45.0,0,0,Supermarket,Apparel,249
2026-03-01,S001,PRODUCT_A,107,45.0,0,0,Supermarket,Apparel,475
2026-03-02,S001,PRODUCT_A,75,45.0,0,0,Supermarket,Apparel,456
2026-03-03,S001,PRODUCT_A,84,45.0,0,0,Supermarket,Apparel,443
2026-03-04,S001,PRODUCT_A,88,45.0,0,0,Supermarket,Apparel,411
2026-03-05,S001,PRODUCT_A,85,45.0,0,0,Supermarket,Apparel,395
2026-03-06,S001,PRODUCT_A,81,45.0,0,0,Supermarket,Apparel,376
2026-03-07,S001,PRODUCT_A,103,45.0,0,0,Supermarket,Apparel,362
2026-03-08,S001,PRODUCT_A,93,45.0,0,0,Supermarket,Apparel,340
2026-03-09,S001,PRODUCT_A,85,45.0,0,0,Supermarket,Apparel,329
2026-03-10,S001,PRODUCT_A,82,45.0,0,0,Supermarket,Apparel,307
2026-03-11,S001,PRODUCT_A,89,45.0,0,0,Supermarket,Apparel,278
2026-03-12,S001,PRODUCT_A,83,45.0,0,0,Supermarket,Apparel,259
2026-03-13,S001,PRODUCT_A,118,45.0,20,1,Supermarket,Apparel,246
2026-03-14,S001,PRODUCT_A,99,45.0,0,0,Supermarket,Apparel,227
2026-03-15,S001,PRODUCT_A,97,45.0,0,0,Supermarket,Apparel,497
2026-03-16,S001,PRODUCT_A,96,45.0,0,0,Supermarket,Apparel,477
2026-03-17,S001,PRODUCT_A,94,45.0,0,0,Supermarket,Apparel,466
2026-03-18,S001,PRODUCT_A,76,45.0,0,0,Supermarket,Apparel,441
2026-03-19,S001,PRODUCT_A,85,45.0,0,0,Supermarket,Apparel,414
2026-03-20,S001,PRODUCT_A,93,45.0,0,0,Supermarket,Apparel,392
2026-03-21,S001,PRODUCT_A,104,45.0,0,0,Supermarket,Apparel,374
2026-03-22,S001,PRODUCT_A,94,45.0,0,0,Supermarket,Apparel,353
2026-03-23,S001,PRODUCT_A,67,45.0,0,0,Supermarket,Apparel,344
2026-03-24,S001,PRODUCT_A,102,45.0,10,1,Supermarket,Apparel,314
2026-03-25,S001,PRODUCT_A,71,45.0,0,0,Supermarket,Apparel,297
2026-03-26,S001,PRODUCT_A,89,45.0,0,0,Supermarket,Apparel,271
2026-03-27,S001,PRODUCT_A,95,45.0,0,0,Supermarket,Apparel,252
2026-03-28,S001,PRODUCT_A,110,45.0,0,0,Supermarket,Apparel,238
2026-03-29,S001,PRODUCT_A,129,45.0,0,1,Supermarket,Apparel,227
2026-03-30,S001,PRODUCT_A,85,45.0,0,0,Supermarket,Apparel,491
2026-03-31,S001,PRODUCT_A,77,45.0,0,0,Supermarket,Apparel,485
2026-04-01,S001,PRODUCT_A,108,45.0,0,1,Supermarket,Apparel,477
2026-04-02,S001,PRODUCT_A,79,45.0,0,0,Supermarket,Apparel,458
2026-04-03,S001,PRODUCT_A,72,45.0,0,0,Supermarket,Apparel,447
2026-04-04,S001,PRODUCT_A,110,45.0,0,1,Supermarket,Apparel,421
2026-04-05,S001,PRODUCT_A,102,45.0,0,0,Supermarket,Apparel,392
2026-04-06,S001,PRODUCT_A,91,45.0,0,0,Supermarket,Apparel,376
2026-04-07,S001,PRODUCT_A,116,45.0,15,1,Supermarket,Apparel,357
2026-04-08,S001,PRODUCT_A,79,45.0,0,0,Supermarket,Apparel,343
2026-04-09,S001,PRODUCT_A,77,45.0,0,0,Supermarket,Apparel,320
2026-04-10,S001,PRODUCT_A,89,45.0,0,0,Supermarket,Apparel,302
2026-04-11,S001,PRODUCT_A,103,45.0,0,0,Supermarket,Apparel,287
2026-04-12,S001,PRODUCT_A,95,45.0,0,0,Supermarket,Apparel,268
2026-04-13,S001,PRODUCT_A,78,45.0,0,0,Supermarket,Apparel,234
2026-04-14,S001,PRODUCT_A,71,45.0,0,0,Supermarket,Apparel,212
2026-04-15,S001,PRODUCT_A,99,45.0,0,0,Supermarket,Apparel,496
2026-04-16,S001,PRODUCT_A,89,45.0,0,0,Supermarket,Apparel,474
2026-04-17,S001,PRODUCT_A,83,45.0,0,0,Supermarket,Apparel,450
2026-04-18,S001,PRODUCT_A,100,45.0,0,0,Supermarket,Apparel,432
2026-04-19,S001,PRODUCT_A,135,45.0,0,1,Supermarket,Apparel,420
2026-04-20,S001,PRODUCT_A,82,45.0,0,0,Supermarket,Apparel,403
2026-04-21,S001,PRODUCT_A,81,45.0,0,0,Supermarket,Apparel,382
2026-04-22,S001,PRODUCT_A,77,45.0,0,0,Supermarket,Apparel,353
2026-04-23,S001,PRODUCT_A,79,45.0,0,0,Supermarket,Apparel,331
2026-04-24,S001,PRODUCT_A,90,45.0,0,0,Supermarket,Apparel,329
2026-04-25,S001,PRODUCT_A,97,45.0,0,0,Supermarket,Apparel,308
2026-04-26,S001,PRODUCT_A,119,45.0,0,1,Supermarket,Apparel,273
2026-04-27,S001,PRODUCT_A,86,45.0,0,0,Supermarket,Apparel,254
2026-04-28,S001,PRODUCT_A,92,45.0,0,0,Supermarket,Apparel,237
2026-04-29,S001,PRODUCT_A,82,45.0,0,0,Supermarket,Apparel,226
2026-04-30,S001,PRODUCT_A,76,45.0,0,0,Supermarket,Apparel,493
2026-05-01,S001,PRODUCT_A,81,45.0,0,0,Supermarket,Apparel,489
2026-05-02,S001,PRODUCT_A,102,45.0,0,0,Supermarket,Apparel,451
2026-05-03,S001,PRODUCT_A,98,45.0,0,0,Supermarket,Apparel,448
2026-05-04,S001,PRODUCT_A,85,45.0,0,0,Supermarket,Apparel,423
2026-05-05,S001,PRODUCT_A,93,45.0,0,0,Supermarket,Apparel,395
2026-05-06,S001,PRODUCT_A,91,45.0,0,0,Supermarket,Apparel,373
2026-05-07,S001,PRODUCT_A,76,45.0,0,0,Supermarket,Apparel,366
2026-05-08,S001,PRODUCT_A,84,45.0,0,0,Supermarket,Apparel,347
2026-05-09,S001,PRODUCT_A,106,45.0,0,0,Supermarket,Apparel,322
2026-05-10,S001,PRODUCT_A,107,45.0,0,0,Supermarket,Apparel,295
2026-05-11,S001,PRODUCT_A,83,45.0,0,0,Supermarket,Apparel,275
2026-05-12,S001,PRODUCT_A,112,45.0,10,1,Supermarket,Apparel,256
2026-05-13,S001,PRODUCT_A,75,45.0,0,0,Supermarket,Apparel,239
2026-05-14,S001,PRODUCT_A,87,45.0,0,0,Supermarket,Apparel,222
2026-05-15,S001,PRODUCT_A,98,45.0,0,0,Supermarket,Apparel,495
2026-05-16,S001,PRODUCT_A,113,45.0,0,0,Supermarket,Apparel,482
2026-05-17,S001,PRODUCT_A,96,45.0,0,0,Supermarket,Apparel,454
2026-05-18,S001,PRODUCT_A,75,45.0,0,0,Supermarket,Apparel,439
2026-05-19,S001,PRODUCT_A,107,45.0,10,1,Supermarket,Apparel,416
2026-05-20,S001,PRODUCT_A,86,45.0,0,0,Supermarket,Apparel,390
2026-05-21,S001,PRODUCT_A,82,45.0,0,0,Supermarket,Apparel,389
2026-05-22,S001,PRODUCT_A,83,45.0,0,0,Supermarket,Apparel,353
2026-05-23,S001,PRODUCT_A,107,45.0,0,0,Supermarket,Apparel,339
2026-05-24,S001,PRODUCT_A,95,45.0,0,0,Supermarket,Apparel,319
2026-05-25,S001,PRODUCT_A,111,45.0,0,1,Supermarket,Apparel,300
2026-05-26,S001,PRODUCT_A,84,45.0,0,0,Supermarket,Apparel,280
2026-05-27,S001,PRODUCT_A,66,45.0,0,0,Supermarket,Apparel,256
2026-05-28,S001,PRODUCT_A,92,45.0,0,0,Supermarket,Apparel,244
2026-05-29,S001,PRODUCT_A,86,45.0,0,0,Supermarket,Apparel,224
2026-05-30,S001,PRODUCT_A,125,45.0,0,1,Supermarket,Apparel,501
2026-05-31,S001,PRODUCT_A,100,45.0,0,0,Supermarket,Apparel,487
2026-06-01,S001,PRODUCT_A,103,45.0,0,0,Supermarket,Apparel,474
2026-06-02,S001,PRODUCT_A,88,45.0,0,0,Supermarket,Apparel,461
2026-06-03,S001,PRODUCT_A,85,45.0,0,0,Supermarket,Apparel,438
2026-06-04,S001,PRODUCT_A,81,45.0,0,0,Supermarket,Apparel,416
2026-06-05,S001,PRODUCT_A,98,45.0,0,0,Supermarket,Apparel,390
2026-06-06,S001,PRODUCT_A,98,45.0,0,0,Supermarket,Apparel,386
2026-06-07,S001,PRODUCT_A,101,45.0,0,0,Supermarket,Apparel,355
2026-06-08,S001,PRODUCT_A,84,45.0,0,0,Supermarket,Apparel,334
2026-06-09,S001,PRODUCT_A,119,45.0,10,1,Supermarket,Apparel,311
2026-06-10,S001,PRODUCT_A,85,45.0,0,0,Supermarket,Apparel,296
2026-06-11,S001,PRODUCT_A,93,45.0,0,0,Supermarket,Apparel,284
2026-06-12,S001,PRODUCT_A,84,45.0,0,0,Supermarket,Apparel,268
2026-06-13,S001,PRODUCT_A,110,45.0,0,0,Supermarket,Apparel,236
2026-06-14,S001,PRODUCT_A,131,45.0,0,1,Supermarket,Apparel,224
2026-06-15,S001,PRODUCT_A,91,45.0,0,0,Supermarket,Apparel,504
2026-06-16,S001,PRODUCT_A,108,45.0,15,1,Supermarket,Apparel,486
2026-06-17,S001,PRODUCT_A,73,45.0,0,0,Supermarket,Apparel,452
2026-06-18,S001,PRODUCT_A,103,45.0,0,1,Supermarket,Apparel,449
2026-06-19,S001,PRODUCT_A,85,45.0,0,0,Supermarket,Apparel,427
2026-06-20,S001,PRODUCT_A,90,45.0,0,0,Supermarket,Apparel,401
2026-06-21,S001,PRODUCT_A,98,45.0,0,0,Supermarket,Apparel,378
2026-06-22,S001,PRODUCT_A,94,45.0,0,0,Supermarket,Apparel,364
2026-06-23,S001,PRODUCT_A,89,45.0,0,0,Supermarket,Apparel,343
2026-06-24,S001,PRODUCT_A,88,45.0,0,0,Supermarket,Apparel,321
2026-06-25,S001,PRODUCT_A,79,45.0,0,0,Supermarket,Apparel,305
2026-06-26,S001,PRODUCT_A,108,45.0,15,1,Supermarket,Apparel,277
2026-06-27,S001,PRODUCT_A,122,45.0,0,1,Supermarket,Apparel,260
2026-06-28,S001,PRODUCT_A,94,45.0,0,0,Supermarket,Apparel,230
2026-06-29,S001,PRODUCT_A,94,45.0,0,0,Supermarket,Apparel,222
2026-06-30,S001,PRODUCT_A,79,45.0,0,0,Supermarket,Apparel,494
2026-07-01,S001,PRODUCT_A,87,45.0,0,0,Supermarket,Apparel,470
2026-07-02,S001,PRODUCT_A,81,45.0,0,0,Supermarket,Apparel,454
2026-07-03,S001,PRODUCT_A,114,45.0,0,1,Supermarket,Apparel,438
2026-07-04,S001,PRODUCT_A,117,45.0,0,1,Supermarket,Apparel,420
2026-07-05,S001,PRODUCT_A,134,45.0,0,1,Supermarket,Apparel,398
2026-07-06,S001,PRODUCT_A,95,45.0,0,0,Supermarket,Apparel,385
2026-07-07,S001,PRODUCT_A,85,45.0,0,0,Supermarket,Apparel,350
2026-07-08,S001,PRODUCT_A,82,45.0,0,0,Supermarket,Apparel,344
2026-07-09,S001,PRODUCT_A,78,45.0,0,0,Supermarket,Apparel,320
2026-07-10,S001,PRODUCT_A,73,45.0,0,0,Supermarket,Apparel,294
2026-07-11,S001,PRODUCT_A,134,45.0,10,1,Supermarket,Apparel,272
2026-07-12,S001,PRODUCT_A,97,45.0,0,0,Supermarket,Apparel,252
2026-07-13,S001,PRODUCT_A,87,45.0,0,0,Supermarket,Apparel,244
2026-07-14,S001,PRODUCT_A,82,45.0,0,0,Supermarket,Apparel,217
2026-07-15,S001,PRODUCT_A,89,45.0,0,0,Supermarket,Apparel,492
2026-07-16,S001,PRODUCT_A,70,45.0,0,0,Supermarket,Apparel,472
2026-07-17,S001,PRODUCT_A,86,45.0,0,0,Supermarket,Apparel,463
2026-07-18,S001,PRODUCT_A,99,45.0,0,0,Supermarket,Apparel,438
2026-07-19,S001,PRODUCT_A,102,45.0,0,0,Supermarket,Apparel,422
2026-07-20,S001,PRODUCT_A,107,45.0,0,1,Supermarket,Apparel,403
2026-07-21,S001,PRODUCT_A,76,45.0,0,0,Supermarket,Apparel,373
2026-07-22,S001,PRODUCT_A,84,45.0,0,0,Supermarket,Apparel,363
2026-07-23,S001,PRODUCT_A,77,45.0,0,0,Supermarket,Apparel,346
2026-07-24,S001,PRODUCT_A,87,45.0,0,0,Supermarket,Apparel,325
2026-07-25,S001,PRODUCT_A,101,45.0,0,0,Supermarket,Apparel,303
2026-07-26,S001,PRODUCT_A,132,45.0,10,1,Supermarket,Apparel,288
2026-07-27,S001,PRODUCT_A,106,45.0,0,1,Supermarket,Apparel,255
2026-07-28,S001,PRODUCT_A,85,45.0,0,0,Supermarket,Apparel,238
2026-07-29,S001,PRODUCT_A,84,45.0,0,0,Supermarket,Apparel,229
2026-07-30,S001,PRODUCT_A,73,45.0,0,0,Supermarket,Apparel,503
2026-07-31,S001,PRODUCT_A,91,45.0,0,0,Supermarket,Apparel,473
2026-08-01,S001,PRODUCT_A,91,45.0,0,0,Supermarket,Apparel,485
2026-08-02,S001,PRODUCT_A,90,45.0,0,0,Supermarket,Apparel,466
2026-08-03,S001,PRODUCT_A,72,45.0,0,0,Supermarket,Apparel,443
2026-08-04,S001,PRODUCT_A,107,45.0,0,1,Supermarket,Apparel,414
2026-08-05,S001,PRODUCT_A,85,45.0,0,0,Supermarket,Apparel,398
2026-08-06,S001,PRODUCT_A,98,45.0,0,1,Supermarket,Apparel,386
2026-08-07,S001,PRODUCT_A,81,45.0,0,0,Supermarket,Apparel,361
2026-08-08,S001,PRODUCT_A,101,45.0,0,0,Supermarket,Apparel,344
2026-08-09,S001,PRODUCT_A,99,45.0,0,0,Supermarket,Apparel,317
2026-08-10,S001,PRODUCT_A,117,45.0,0,1,Supermarket,Apparel,308
2026-08-11,S001,PRODUCT_A,78,45.0,0,0,Supermarket,Apparel,281
2026-08-12,S001,PRODUCT_A,85,45.0,0,0,Supermarket,Apparel,261
2026-08-13,S001,PRODUCT_A,110,45.0,0,1,Supermarket,Apparel,235
2026-08-14,S001,PRODUCT_A,98,45.0,0,0,Supermarket,Apparel,227
2026-08-15,S001,PRODUCT_A,96,45.0,0,0,Supermarket,Apparel,497
2026-08-16,S001,PRODUCT_A,100,45.0,0,0,Supermarket,Apparel,479
2026-08-17,S001,PRODUCT_A,99,45.0,0,1,Supermarket,Apparel,452
2026-08-18,S001,PRODUCT_A,85,45.0,0,0,Supermarket,Apparel,449
2026-08-19,S001,PRODUCT_A,84,45.0,0,0,Supermarket,Apparel,423
2026-08-20,S001,PRODUCT_A,85,45.0,0,0,Supermarket,Apparel,397
2026-08-21,S001,PRODUCT_A,83,45.0,0,0,Supermarket,Apparel,386
2026-08-22,S001,PRODUCT_A,94,45.0,0,0,Supermarket,Apparel,359
2026-08-23,S001,PRODUCT_A,99,45.0,0,0,Supermarket,Apparel,334
2026-08-24,S001,PRODUCT_A,90,45.0,0,0,Supermarket,Apparel,326
2026-08-25,S001,PRODUCT_A,85,45.0,0,0,Supermarket,Apparel,298
2026-01-01,S002,P001,103,100.0,0,0,Urban,Grocery,480
2026-01-02,S002,P001,126,100.0,0,0,Urban,Grocery,462
2026-01-03,S002,P001,135,100.0,0,0,Urban,Grocery,441
2026-01-04,S002,P001,137,100.0,0,0,Urban,Grocery,422
2026-01-05,S002,P001,126,100.0,0,0,Urban,Grocery,405
2026-01-06,S002,P001,125,100.0,0,0,Urban,Grocery,383
2026-01-07,S002,P001,123,100.0,0,0,Urban,Grocery,362
2026-01-08,S002,P001,142,100.0,0,1,Urban,Grocery,333
2026-01-09,S002,P001,124,100.0,0,0,Urban,Grocery,313
2026-01-10,S002,P001,134,100.0,0,0,Urban,Grocery,309
2026-01-11,S002,P001,153,100.0,0,1,Urban,Grocery,288
2026-01-12,S002,P001,121,100.0,0,0,Urban,Grocery,258
2026-01-13,S002,P001,123,100.0,0,0,Urban,Grocery,248
2026-01-14,S002,P001,121,100.0,0,0,Urban,Grocery,212
2026-01-15,S002,P001,126,100.0,0,0,Urban,Grocery,491
2026-01-16,S002,P001,124,100.0,0,0,Urban,Grocery,481
2026-01-17,S002,P001,142,100.0,0,0,Urban,Grocery,450
2026-01-18,S002,P001,141,100.0,0,0,Urban,Grocery,446
2026-01-19,S002,P001,119,100.0,0,0,Urban,Grocery,415
2026-01-20,S002,P001,159,100.0,0,1,Urban,Grocery,398
2026-01-21,S002,P001,115,100.0,0,0,Urban,Grocery,381
2026-01-22,S002,P001,122,100.0,0,0,Urban,Grocery,364
2026-01-23,S002,P001,122,100.0,0,0,Urban,Grocery,337
2026-01-24,S002,P001,158,100.0,0,1,Urban,Grocery,310
2026-01-25,S002,P001,135,100.0,0,0,Urban,Grocery,291
2026-01-26,S002,P001,112,100.0,0,0,Urban,Grocery,270
2026-01-27,S002,P001,119,100.0,0,0,Urban,Grocery,269
2026-01-28,S002,P001,102,100.0,0,0,Urban,Grocery,232
2026-01-29,S002,P001,122,100.0,0,0,Urban,Grocery,220
2026-01-30,S002,P001,127,100.0,0,0,Urban,Grocery,491
2026-01-31,S002,P001,172,100.0,0,1,Urban,Grocery,475
2026-02-01,S002,P001,129,100.0,0,0,Urban,Grocery,474
2026-02-02,S002,P001,123,100.0,0,0,Urban,Grocery,452
2026-02-03,S002,P001,137,100.0,0,1,Urban,Grocery,447
2026-02-04,S002,P001,118,100.0,0,0,Urban,Grocery,424
2026-02-05,S002,P001,120,100.0,0,0,Urban,Grocery,394
2026-02-06,S002,P001,145,100.0,0,1,Urban,Grocery,375
2026-02-07,S002,P001,123,100.0,0,0,Urban,Grocery,365
2026-02-08,S002,P001,124,100.0,0,0,Urban,Grocery,334
2026-02-09,S002,P001,133,100.0,0,0,Urban,Grocery,328
2026-02-10,S002,P001,137,100.0,0,0,Urban,Grocery,291
2026-02-11,S002,P001,110,100.0,0,0,Urban,Grocery,281
2026-02-12,S002,P001,139,100.0,0,1,Urban,Grocery,250
2026-02-13,S002,P001,119,100.0,0,0,Urban,Grocery,244
2026-02-14,S002,P001,152,100.0,0,1,Urban,Grocery,226
2026-02-15,S002,P001,127,100.0,0,0,Urban,Grocery,508
2026-02-16,S002,P001,111,100.0,0,0,Urban,Grocery,477
2026-02-17,S002,P001,141,100.0,0,0,Urban,Grocery,468
2026-02-18,S002,P001,108,100.0,0,0,Urban,Grocery,431
2026-02-19,S002,P001,128,100.0,0,0,Urban,Grocery,420
2026-02-20,S002,P001,120,100.0,0,0,Urban,Grocery,394
2026-02-21,S002,P001,139,100.0,0,0,Urban,Grocery,381
2026-02-22,S002,P001,158,100.0,15,1,Urban,Grocery,365
2026-02-23,S002,P001,120,100.0,0,0,Urban,Grocery,333
2026-02-24,S002,P001,133,100.0,0,0,Urban,Grocery,310
2026-02-25,S002,P001,136,100.0,0,0,Urban,Grocery,308
2026-02-26,S002,P001,111,100.0,0,0,Urban,Grocery,288
2026-02-27,S002,P001,161,100.0,0,1,Urban,Grocery,264
2026-02-28,S002,P001,126,100.0,0,0,Urban,Grocery,242
2026-03-01,S002,P001,127,100.0,0,0,Urban,Grocery,475
2026-03-02,S002,P001,114,100.0,0,0,Urban,Grocery,454
2026-03-03,S002,P001,125,100.0,0,0,Urban,Grocery,445
2026-03-04,S002,P001,121,100.0,0,0,Urban,Grocery,420
2026-03-05,S002,P001,156,100.0,0,1,Urban,Grocery,401
2026-03-06,S002,P001,155,100.0,0,1,Urban,Grocery,384
2026-03-07,S002,P001,169,100.0,0,1,Urban,Grocery,364
2026-03-08,S002,P001,124,100.0,0,0,Urban,Grocery,337
2026-03-09,S002,P001,146,100.0,10,1,Urban,Grocery,312
2026-03-10,S002,P001,121,100.0,0,0,Urban,Grocery,297
2026-03-11,S002,P001,113,100.0,0,0,Urban,Grocery,273
2026-03-12,S002,P001,127,100.0,0,0,Urban,Grocery,255
2026-03-13,S002,P001,136,100.0,0,0,Urban,Grocery,242
2026-03-14,S002,P001,166,100.0,0,1,Urban,Grocery,228
2026-03-15,S002,P001,132,100.0,0,0,Urban,Grocery,491
2026-03-16,S002,P001,119,100.0,0,0,Urban,Grocery,485
2026-03-17,S002,P001,123,100.0,0,0,Urban,Grocery,464
2026-03-18,S002,P001,114,100.0,0,0,Urban,Grocery,431
2026-03-19,S002,P001,126,100.0,0,0,Urban,Grocery,416
2026-03-20,S002,P001,119,100.0,0,0,Urban,Grocery,390
2026-03-21,S002,P001,132,100.0,0,0,Urban,Grocery,386
2026-03-22,S002,P001,124,100.0,0,0,Urban,Grocery,359
2026-03-23,S002,P001,115,100.0,0,0,Urban,Grocery,347
2026-03-24,S002,P001,121,100.0,0,0,Urban,Grocery,323
2026-03-25,S002,P001,153,100.0,10,1,Urban,Grocery,302
2026-03-26,S002,P001,167,100.0,10,1,Urban,Grocery,281
2026-03-27,S002,P001,115,100.0,0,0,Urban,Grocery,251
2026-03-28,S002,P001,132,100.0,0,0,Urban,Grocery,238
2026-03-29,S002,P001,130,100.0,0,0,Urban,Grocery,215
2026-03-30,S002,P001,145,100.0,0,1,Urban,Grocery,497
2026-03-31,S002,P001,126,100.0,0,0,Urban,Grocery,480
2026-04-01,S002,P001,139,100.0,0,1,Urban,Grocery,478
2026-04-02,S002,P001,147,100.0,0,1,Urban,Grocery,462
2026-04-03,S002,P001,121,100.0,0,0,Urban,Grocery,435
2026-04-04,S002,P001,135,100.0,0,0,Urban,Grocery,410
2026-04-05,S002,P001,175,100.0,10,1,Urban,Grocery,399
2026-04-06,S002,P001,124,100.0,0,0,Urban,Grocery,374
2026-04-07,S002,P001,143,100.0,10,1,Urban,Grocery,366
2026-04-08,S002,P001,137,100.0,0,0,Urban,Grocery,334
2026-04-09,S002,P001,117,100.0,0,0,Urban,Grocery,314
2026-04-10,S002,P001,127,100.0,0,0,Urban,Grocery,292
2026-04-11,S002,P001,133,100.0,0,0,Urban,Grocery,287
2026-04-12,S002,P001,133,100.0,0,0,Urban,Grocery,254
2026-04-13,S002,P001,147,100.0,15,1,Urban,Grocery,245
2026-04-14,S002,P001,123,100.0,0,0,Urban,Grocery,210
2026-04-15,S002,P001,125,100.0,0,0,Urban,Grocery,502
2026-04-16,S002,P001,125,100.0,0,0,Urban,Grocery,473
2026-04-17,S002,P001,119,100.0,0,0,Urban,Grocery,455
2026-04-18,S002,P001,147,100.0,0,0,Urban,Grocery,430
2026-04-19,S002,P001,154,100.0,0,1,Urban,Grocery,412
2026-04-20,S002,P001,124,100.0,0,0,Urban,Grocery,401
2026-04-21,S002,P001,124,100.0,0,0,Urban,Grocery,379
2026-04-22,S002,P001,108,100.0,0,0,Urban,Grocery,366
2026-04-23,S002,P001,111,100.0,0,0,Urban,Grocery,339
2026-04-24,S002,P001,114,100.0,0,0,Urban,Grocery,321
2026-04-25,S002,P001,144,100.0,0,0,Urban,Grocery,300
2026-04-26,S002,P001,171,100.0,0,1,Urban,Grocery,285
2026-04-27,S002,P001,116,100.0,0,0,Urban,Grocery,257
2026-04-28,S002,P001,121,100.0,0,0,Urban,Grocery,239
2026-04-29,S002,P001,128,100.0,0,0,Urban,Grocery,218
2026-04-30,S002,P001,127,100.0,0,0,Urban,Grocery,496
2026-05-01,S002,P001,115,100.0,0,0,Urban,Grocery,481
2026-05-02,S002,P001,142,100.0,0,0,Urban,Grocery,456
2026-05-03,S002,P001,150,100.0,0,1,Urban,Grocery,440
2026-05-04,S002,P001,138,100.0,0,1,Urban,Grocery,413
2026-05-05,S002,P001,140,100.0,10,1,Urban,Grocery,391
2026-05-06,S002,P001,115,100.0,0,0,Urban,Grocery,381
2026-05-07,S002,P001,120,100.0,0,0,Urban,Grocery,357
2026-05-08,S002,P001,145,100.0,10,1,Urban,Grocery,344
2026-05-09,S002,P001,136,100.0,0,0,Urban,Grocery,318
2026-05-10,S002,P001,141,100.0,0,0,Urban,Grocery,299
2026-05-11,S002,P001,131,100.0,0,0,Urban,Grocery,288
2026-05-12,S002,P001,123,100.0,0,0,Urban,Grocery,264
2026-05-13,S002,P001,129,100.0,0,0,Urban,Grocery,240
2026-05-14,S002,P001,125,100.0,0,0,Urban,Grocery,224
2026-05-15,S002,P001,119,100.0,0,0,Urban,Grocery,503
2026-05-16,S002,P001,129,100.0,0,0,Urban,Grocery,470
2026-05-17,S002,P001,176,100.0,0,1,Urban,Grocery,464
2026-05-18,S002,P001,125,100.0,0,0,Urban,Grocery,447
2026-05-19,S002,P001,121,100.0,0,0,Urban,Grocery,423
2026-05-20,S002,P001,109,100.0,0,0,Urban,Grocery,400
2026-05-21,S002,P001,118,100.0,0,0,Urban,Grocery,386
2026-05-22,S002,P001,142,100.0,10,1,Urban,Grocery,355
2026-05-23,S002,P001,139,100.0,0,0,Urban,Grocery,333
2026-05-24,S002,P001,148,100.0,20,1,Urban,Grocery,327
2026-05-25,S002,P001,123,100.0,0,0,Urban,Grocery,295
2026-05-26,S002,P001,123,100.0,0,0,Urban,Grocery,277
2026-05-27,S002,P001,120,100.0,0,0,Urban,Grocery,257
2026-05-28,S002,P001,112,100.0,0,0,Urban,Grocery,240
2026-05-29,S002,P001,115,100.0,0,0,Urban,Grocery,229
2026-05-30,S002,P001,135,100.0,0,0,Urban,Grocery,498
2026-05-31,S002,P001,172,100.0,10,1,Urban,Grocery,479
2026-06-01,S002,P001,142,100.0,0,1,Urban,Grocery,477
2026-06-02,S002,P001,148,100.0,0,1,Urban,Grocery,452
2026-06-03,S002,P001,172,100.0,0,1,Urban,Grocery,436
2026-06-04,S002,P001,109,100.0,0,0,Urban,Grocery,429
2026-06-05,S002,P001,107,100.0,0,0,Urban,Grocery,406
2026-06-06,S002,P001,132,100.0,0,0,Urban,Grocery,389
2026-06-07,S002,P001,121,100.0,0,0,Urban,Grocery,350
2026-06-08,S002,P001,132,100.0,0,0,Urban,Grocery,342
2026-06-09,S002,P001,148,100.0,0,1,Urban,Grocery,314
2026-06-10,S002,P001,125,100.0,0,0,Urban,Grocery,306
2026-06-11,S002,P001,112,100.0,0,0,Urban,Grocery,273
2026-06-12,S002,P001,125,100.0,0,0,Urban,Grocery,260
2026-06-13,S002,P001,121,100.0,0,0,Urban,Grocery,248
2026-06-14,S002,P001,129,100.0,0,0,Urban,Grocery,216
2026-06-15,S002,P001,144,100.0,15,1,Urban,Grocery,493
2026-06-16,S002,P001,152,100.0,15,1,Urban,Grocery,487
2026-06-17,S002,P001,110,100.0,0,0,Urban,Grocery,468
2026-06-18,S002,P001,122,100.0,0,0,Urban,Grocery,443
2026-06-19,S002,P001,120,100.0,0,0,Urban,Grocery,412
2026-06-20,S002,P001,140,100.0,0,0,Urban,Grocery,397
2026-06-21,S002,P001,142,100.0,0,0,Urban,Grocery,379
2026-06-22,S002,P001,150,100.0,0,1,Urban,Grocery,366
2026-06-23,S002,P001,116,100.0,0,0,Urban,Grocery,334
2026-06-24,S002,P001,107,100.0,0,0,Urban,Grocery,318
2026-06-25,S002,P001,125,100.0,0,0,Urban,Grocery,294
2026-06-26,S002,P001,100,100.0,0,0,Urban,Grocery,277
2026-06-27,S002,P001,127,100.0,0,0,Urban,Grocery,252
2026-06-28,S002,P001,152,100.0,0,1,Urban,Grocery,233
2026-06-29,S002,P001,154,100.0,0,1,Urban,Grocery,214
2026-06-30,S002,P001,126,100.0,0,0,Urban,Grocery,507
2026-07-01,S002,P001,139,100.0,10,1,Urban,Grocery,485
2026-07-02,S002,P001,138,100.0,10,1,Urban,Grocery,456
2026-07-03,S002,P001,122,100.0,0,0,Urban,Grocery,437
2026-07-04,S002,P001,147,100.0,0,0,Urban,Grocery,419
2026-07-05,S002,P001,138,100.0,0,0,Urban,Grocery,398
2026-07-06,S002,P001,116,100.0,0,0,Urban,Grocery,379
2026-07-07,S002,P001,123,100.0,0,0,Urban,Grocery,364
2026-07-08,S002,P001,119,100.0,0,0,Urban,Grocery,334
2026-07-09,S002,P001,135,100.0,0,0,Urban,Grocery,313
2026-07-10,S002,P001,169,100.0,0,1,Urban,Grocery,291
2026-07-11,S002,P001,133,100.0,0,0,Urban,Grocery,270
2026-07-12,S002,P001,149,100.0,0,0,Urban,Grocery,256
2026-07-13,S002,P001,143,100.0,0,1,Urban,Grocery,249
2026-07-14,S002,P001,142,100.0,15,1,Urban,Grocery,226
2026-07-15,S002,P001,125,100.0,0,0,Urban,Grocery,490
2026-07-16,S002,P001,120,100.0,0,0,Urban,Grocery,484
2026-07-17,S002,P001,126,100.0,0,0,Urban,Grocery,466
2026-07-18,S002,P001,134,100.0,0,0,Urban,Grocery,449
2026-07-19,S002,P001,138,100.0,0,0,Urban,Grocery,411
2026-07-20,S002,P001,129,100.0,0,0,Urban,Grocery,393
2026-07-21,S002,P001,135,100.0,0,0,Urban,Grocery,370
2026-07-22,S002,P001,145,100.0,0,1,Urban,Grocery,350
2026-07-23,S002,P001,112,100.0,0,0,Urban,Grocery,345
2026-07-24,S002,P001,145,100.0,0,1,Urban,Grocery,321
2026-07-25,S002,P001,136,100.0,0,0,Urban,Grocery,293
2026-07-26,S002,P001,136,100.0,0,0,Urban,Grocery,271
2026-07-27,S002,P001,140,100.0,0,1,Urban,Grocery,252
2026-07-28,S002,P001,151,100.0,20,1,Urban,Grocery,248
2026-07-29,S002,P001,118,100.0,0,0,Urban,Grocery,226
2026-07-30,S002,P001,121,100.0,0,0,Urban,Grocery,500
2026-07-31,S002,P001,125,100.0,0,0,Urban,Grocery,474
2026-08-01,S002,P001,134,100.0,0,0,Urban,Grocery,483
2026-08-02,S002,P001,130,100.0,0,0,Urban,Grocery,467
2026-08-03,S002,P001,110,100.0,0,0,Urban,Grocery,448
2026-08-04,S002,P001,121,100.0,0,0,Urban,Grocery,429
2026-08-05,S002,P001,120,100.0,0,0,Urban,Grocery,404
2026-08-06,S002,P001,125,100.0,0,0,Urban,Grocery,389
2026-08-07,S002,P001,125,100.0,0,0,Urban,Grocery,367
2026-08-08,S002,P001,160,100.0,15,1,Urban,Grocery,339
2026-08-09,S002,P001,133,100.0,0,0,Urban,Grocery,315
2026-08-10,S002,P001,120,100.0,0,0,Urban,Grocery,307
2026-08-11,S002,P001,123,100.0,0,0,Urban,Grocery,278
2026-08-12,S002,P001,114,100.0,0,0,Urban,Grocery,252
2026-08-13,S002,P001,120,100.0,0,0,Urban,Grocery,232
2026-08-14,S002,P001,127,100.0,0,0,Urban,Grocery,220
2026-08-15,S002,P001,125,100.0,0,0,Urban,Grocery,504
2026-08-16,S002,P001,161,100.0,0,1,Urban,Grocery,489
2026-08-17,S002,P001,114,100.0,0,0,Urban,Grocery,451
2026-08-18,S002,P001,126,100.0,0,0,Urban,Grocery,430
2026-08-19,S002,P001,111,100.0,0,0,Urban,Grocery,415
2026-08-20,S002,P001,125,100.0,0,0,Urban,Grocery,393
2026-08-21,S002,P001,133,100.0,0,1,Urban,Grocery,379
2026-08-22,S002,P001,124,100.0,0,0,Urban,Grocery,362
2026-08-23,S002,P001,146,100.0,0,0,Urban,Grocery,346
2026-08-24,S002,P001,120,100.0,0,0,Urban,Grocery,328
2026-08-25,S002,P001,150,100.0,0,1,Urban,Grocery,302
2026-01-01,S002,P002,34,250.0,0,0,Urban,Electronics,475
2026-01-02,S002,P002,45,250.0,0,0,Urban,Electronics,467
2026-01-03,S002,P002,60,250.0,0,0,Urban,Electronics,444
2026-01-04,S002,P002,53,250.0,0,0,Urban,Electronics,418
2026-01-05,S002,P002,55,250.0,0,0,Urban,Electronics,407
2026-01-06,S002,P002,44,250.0,0,0,Urban,Electronics,377
2026-01-07,S002,P002,33,250.0,0,0,Urban,Electronics,350
2026-01-08,S002,P002,25,250.0,0,0,Urban,Electronics,347
2026-01-09,S002,P002,46,250.0,0,0,Urban,Electronics,328
2026-01-10,S002,P002,53,250.0,0,0,Urban,Electronics,302
2026-01-11,S002,P002,57,250.0,0,0,Urban,Electronics,283
2026-01-12,S002,P002,21,250.0,0,0,Urban,Electronics,263
2026-01-13,S002,P002,41,250.0,0,0,Urban,Electronics,236
2026-01-14,S002,P002,46,250.0,0,0,Urban,Electronics,210
2026-01-15,S002,P002,64,250.0,0,1,Urban,Electronics,500
2026-01-16,S002,P002,51,250.0,0,0,Urban,Electronics,475
2026-01-17,S002,P002,70,250.0,0,0,Urban,Electronics,454
2026-01-18,S002,P002,49,250.0,0,0,Urban,Electronics,447
2026-01-19,S002,P002,62,250.0,0,1,Urban,Electronics,413
2026-01-20,S002,P002,40,250.0,0,0,Urban,Electronics,396
2026-01-21,S002,P002,46,250.0,0,0,Urban,Electronics,384
2026-01-22,S002,P002,40,250.0,0,0,Urban,Electronics,352
2026-01-23,S002,P002,30,250.0,0,0,Urban,Electronics,335
2026-01-24,S002,P002,61,250.0,0,0,Urban,Electronics,314
2026-01-25,S002,P002,61,250.0,0,0,Urban,Electronics,308
2026-01-26,S002,P002,44,250.0,0,0,Urban,Electronics,274
2026-01-27,S002,P002,40,250.0,0,0,Urban,Electronics,259
2026-01-28,S002,P002,46,250.0,0,0,Urban,Electronics,249
2026-01-29,S002,P002,69,250.0,10,1,Urban,Electronics,214
2026-01-30,S002,P002,36,250.0,0,0,Urban,Electronics,499
2026-01-31,S002,P002,48,250.0,0,0,Urban,Electronics,486
2026-02-01,S002,P002,49,250.0,0,0,Urban,Electronics,478
2026-02-02,S002,P002,37,250.0,0,0,Urban,Electronics,458
2026-02-03,S002,P002,73,250.0,0,1,Urban,Electronics,446
2026-02-04,S002,P002,22,250.0,0,0,Urban,Electronics,418
2026-02-05,S002,P002,32,250.0,0,0,Urban,Electronics,394
2026-02-06,S002,P002,34,250.0,0,0,Urban,Electronics,385
2026-02-07,S002,P002,66,250.0,0,0,Urban,Electronics,366
2026-02-08,S002,P002,55,250.0,0,0,Urban,Electronics,341
2026-02-09,S002,P002,48,250.0,0,0,Urban,Electronics,310
2026-02-10,S002,P002,52,250.0,0,0,Urban,Electronics,308
2026-02-11,S002,P002,36,250.0,0,0,Urban,Electronics,279
2026-02-12,S002,P002,33,250.0,0,0,Urban,Electronics,259
2026-02-13,S002,P002,41,250.0,0,0,Urban,Electronics,243
2026-02-14,S002,P002,49,250.0,0,0,Urban,Electronics,224
2026-02-15,S002,P002,48,250.0,0,0,Urban,Electronics,497
2026-02-16,S002,P002,69,250.0,0,1,Urban,Electronics,472
2026-02-17,S002,P002,42,250.0,0,0,Urban,Electronics,464
2026-02-18,S002,P002,36,250.0,0,0,Urban,Electronics,442
2026-02-19,S002,P002,57,250.0,0,1,Urban,Electronics,425
2026-02-20,S002,P002,71,250.0,0,1,Urban,Electronics,396
2026-02-21,S002,P002,55,250.0,0,0,Urban,Electronics,386
2026-02-22,S002,P002,61,250.0,0,0,Urban,Electronics,356
2026-02-23,S002,P002,39,250.0,0,0,Urban,Electronics,336
2026-02-24,S002,P002,40,250.0,0,0,Urban,Electronics,324
2026-02-25,S002,P002,59,250.0,0,1,Urban,Electronics,305
2026-02-26,S002,P002,42,250.0,0,0,Urban,Electronics,270
2026-02-27,S002,P002,54,250.0,0,0,Urban,Electronics,265
2026-02-28,S002,P002,52,250.0,0,0,Urban,Electronics,236
2026-03-01,S002,P002,50,250.0,0,0,Urban,Electronics,488
2026-03-02,S002,P002,63,250.0,0,1,Urban,Electronics,463
2026-03-03,S002,P002,40,250.0,0,0,Urban,Electronics,437
2026-03-04,S002,P002,33,250.0,0,0,Urban,Electronics,417
2026-03-05,S002,P002,60,250.0,0,1,Urban,Electronics,397
2026-03-06,S002,P002,61,250.0,0,1,Urban,Electronics,371
2026-03-07,S002,P002,56,250.0,0,0,Urban,Electronics,364
2026-03-08,S002,P002,49,250.0,0,0,Urban,Electronics,343
2026-03-09,S002,P002,40,250.0,0,0,Urban,Electronics,313
2026-03-10,S002,P002,47,250.0,0,0,Urban,Electronics,300
2026-03-11,S002,P002,75,250.0,0,1,Urban,Electronics,271
2026-03-12,S002,P002,39,250.0,0,0,Urban,Electronics,251
2026-03-13,S002,P002,40,250.0,0,0,Urban,Electronics,244
2026-03-14,S002,P002,42,250.0,0,0,Urban,Electronics,214
2026-03-15,S002,P002,69,250.0,0,0,Urban,Electronics,496
2026-03-16,S002,P002,45,250.0,0,0,Urban,Electronics,476
2026-03-17,S002,P002,33,250.0,0,0,Urban,Electronics,455
2026-03-18,S002,P002,41,250.0,0,0,Urban,Electronics,432
2026-03-19,S002,P002,42,250.0,0,0,Urban,Electronics,413
2026-03-20,S002,P002,59,250.0,0,1,Urban,Electronics,402
2026-03-21,S002,P002,63,250.0,0,0,Urban,Electronics,385
2026-03-22,S002,P002,47,250.0,0,0,Urban,Electronics,351
2026-03-23,S002,P002,34,250.0,0,0,Urban,Electronics,341
2026-03-24,S002,P002,43,250.0,0,0,Urban,Electronics,311
2026-03-25,S002,P002,52,250.0,0,0,Urban,Electronics,308
2026-03-26,S002,P002,60,250.0,0,1,Urban,Electronics,275
2026-03-27,S002,P002,46,250.0,0,0,Urban,Electronics,252
2026-03-28,S002,P002,71,250.0,0,1,Urban,Electronics,243
2026-03-29,S002,P002,48,250.0,0,0,Urban,Electronics,213
2026-03-30,S002,P002,69,250.0,0,1,Urban,Electronics,495
2026-03-31,S002,P002,44,250.0,0,0,Urban,Electronics,474
2026-04-01,S002,P002,37,250.0,0,0,Urban,Electronics,474
2026-04-02,S002,P002,36,250.0,0,0,Urban,Electronics,455
2026-04-03,S002,P002,47,250.0,0,0,Urban,Electronics,445
2026-04-04,S002,P002,57,250.0,0,0,Urban,Electronics,423
2026-04-05,S002,P002,82,250.0,0,1,Urban,Electronics,400
2026-04-06,S002,P002,67,250.0,10,1,Urban,Electronics,375
2026-04-07,S002,P002,46,250.0,0,0,Urban,Electronics,359
2026-04-08,S002,P002,44,250.0,0,0,Urban,Electronics,332
2026-04-09,S002,P002,32,250.0,0,0,Urban,Electronics,312
2026-04-10,S002,P002,31,250.0,0,0,Urban,Electronics,308
2026-04-11,S002,P002,47,250.0,0,0,Urban,Electronics,284
2026-04-12,S002,P002,63,250.0,0,0,Urban,Electronics,252
2026-04-13,S002,P002,52,250.0,0,1,Urban,Electronics,233
2026-04-14,S002,P002,54,250.0,10,1,Urban,Electronics,220
2026-04-15,S002,P002,41,250.0,0,0,Urban,Electronics,505
2026-04-16,S002,P002,32,250.0,0,0,Urban,Electronics,480
2026-04-17,S002,P002,54,250.0,0,1,Urban,Electronics,468
2026-04-18,S002,P002,56,250.0,0,0,Urban,Electronics,447
2026-04-19,S002,P002,60,250.0,0,0,Urban,Electronics,423
2026-04-20,S002,P002,47,250.0,0,0,Urban,Electronics,400
2026-04-21,S002,P002,66,250.0,0,1,Urban,Electronics,378
2026-04-22,S002,P002,45,250.0,0,0,Urban,Electronics,358
2026-04-23,S002,P002,52,250.0,0,0,Urban,Electronics,336
2026-04-24,S002,P002,42,250.0,0,0,Urban,Electronics,324
2026-04-25,S002,P002,55,250.0,0,0,Urban,Electronics,306
2026-04-26,S002,P002,76,250.0,0,1,Urban,Electronics,289
2026-04-27,S002,P002,25,250.0,0,0,Urban,Electronics,269
2026-04-28,S002,P002,49,250.0,0,1,Urban,Electronics,242
2026-04-29,S002,P002,27,250.0,0,0,Urban,Electronics,213
2026-04-30,S002,P002,44,250.0,0,0,Urban,Electronics,500
2026-05-01,S002,P002,37,250.0,0,0,Urban,Electronics,477
2026-05-02,S002,P002,54,250.0,0,0,Urban,Electronics,466
2026-05-03,S002,P002,46,250.0,0,0,Urban,Electronics,442
2026-05-04,S002,P002,69,250.0,0,1,Urban,Electronics,418
2026-05-05,S002,P002,67,250.0,0,1,Urban,Electronics,397
2026-05-06,S002,P002,71,250.0,10,1,Urban,Electronics,383
2026-05-07,S002,P002,42,250.0,0,0,Urban,Electronics,368
2026-05-08,S002,P002,42,250.0,0,0,Urban,Electronics,331
2026-05-09,S002,P002,50,250.0,0,0,Urban,Electronics,329
2026-05-10,S002,P002,50,250.0,0,0,Urban,Electronics,299
2026-05-11,S002,P002,49,250.0,0,0,Urban,Electronics,274
2026-05-12,S002,P002,20,250.0,0,0,Urban,Electronics,257
2026-05-13,S002,P002,44,250.0,0,0,Urban,Electronics,239
2026-05-14,S002,P002,31,250.0,0,0,Urban,Electronics,226
2026-05-15,S002,P002,46,250.0,0,0,Urban,Electronics,494
2026-05-16,S002,P002,67,250.0,0,0,Urban,Electronics,479
2026-05-17,S002,P002,57,250.0,0,0,Urban,Electronics,465
2026-05-18,S002,P002,32,250.0,0,0,Urban,Electronics,446
2026-05-19,S002,P002,40,250.0,0,0,Urban,Electronics,419
2026-05-20,S002,P002,41,250.0,0,0,Urban,Electronics,391
2026-05-21,S002,P002,44,250.0,0,0,Urban,Electronics,388
2026-05-22,S002,P002,78,250.0,0,1,Urban,Electronics,359
2026-05-23,S002,P002,64,250.0,0,0,Urban,Electronics,346
2026-05-24,S002,P002,56,250.0,0,0,Urban,Electronics,317
2026-05-25,S002,P002,40,250.0,0,0,Urban,Electronics,305
2026-05-26,S002,P002,29,250.0,0,0,Urban,Electronics,281
2026-05-27,S002,P002,37,250.0,0,0,Urban,Electronics,252
2026-05-28,S002,P002,48,250.0,0,0,Urban,Electronics,245
2026-05-29,S002,P002,52,250.0,0,0,Urban,Electronics,217
2026-05-30,S002,P002,53,250.0,0,0,Urban,Electronics,506
2026-05-31,S002,P002,80,250.0,0,1,Urban,Electronics,483
2026-06-01,S002,P002,53,250.0,0,0,Urban,Electronics,473
2026-06-02,S002,P002,58,250.0,15,1,Urban,Electronics,455
2026-06-03,S002,P002,72,250.0,0,1,Urban,Electronics,432
2026-06-04,S002,P002,43,250.0,0,0,Urban,Electronics,415
2026-06-05,S002,P002,62,250.0,0,1,Urban,Electronics,395
2026-06-06,S002,P002,51,250.0,0,0,Urban,Electronics,381
2026-06-07,S002,P002,64,250.0,0,0,Urban,Electronics,354
2026-06-08,S002,P002,32,250.0,0,0,Urban,Electronics,349
2026-06-09,S002,P002,45,250.0,0,0,Urban,Electronics,313
2026-06-10,S002,P002,42,250.0,0,0,Urban,Electronics,309
2026-06-11,S002,P002,43,250.0,0,0,Urban,Electronics,286
2026-06-12,S002,P002,24,250.0,0,0,Urban,Electronics,266
2026-06-13,S002,P002,51,250.0,0,0,Urban,Electronics,237
2026-06-14,S002,P002,73,250.0,0,1,Urban,Electronics,224
2026-06-15,S002,P002,60,250.0,0,1,Urban,Electronics,506
2026-06-16,S002,P002,46,250.0,0,0,Urban,Electronics,487
2026-06-17,S002,P002,52,250.0,0,0,Urban,Electronics,456
2026-06-18,S002,P002,64,250.0,0,1,Urban,Electronics,440
2026-06-19,S002,P002,54,250.0,0,0,Urban,Electronics,425
2026-06-20,S002,P002,74,250.0,0,0,Urban,Electronics,398
2026-06-21,S002,P002,56,250.0,0,0,Urban,Electronics,381
2026-06-22,S002,P002,24,250.0,0,0,Urban,Electronics,364
2026-06-23,S002,P002,53,250.0,0,0,Urban,Electronics,332
2026-06-24,S002,P002,35,250.0,0,0,Urban,Electronics,321
2026-06-25,S002,P002,32,250.0,0,0,Urban,Electronics,303
2026-06-26,S002,P002,66,250.0,0,1,Urban,Electronics,280
2026-06-27,S002,P002,83,250.0,0,1,Urban,Electronics,260
2026-06-28,S002,P002,46,250.0,0,0,Urban,Electronics,237
2026-06-29,S002,P002,69,250.0,0,1,Urban,Electronics,227
2026-06-30,S002,P002,37,250.0,0,0,Urban,Electronics,497
2026-07-01,S002,P002,52,250.0,0,0,Urban,Electronics,472
2026-07-02,S002,P002,33,250.0,0,0,Urban,Electronics,451
2026-07-03,S002,P002,31,250.0,0,0,Urban,Electronics,448
2026-07-04,S002,P002,68,250.0,0,0,Urban,Electronics,415
2026-07-05,S002,P002,63,250.0,0,0,Urban,Electronics,395
2026-07-06,S002,P002,58,250.0,15,1,Urban,Electronics,380
2026-07-07,S002,P002,47,250.0,0,0,Urban,Electronics,362
2026-07-08,S002,P002,47,250.0,0,0,Urban,Electronics,343
2026-07-09,S002,P002,48,250.0,0,0,Urban,Electronics,312
2026-07-10,S002,P002,46,250.0,0,0,Urban,Electronics,299
2026-07-11,S002,P002,52,250.0,0,0,Urban,Electronics,277
2026-07-12,S002,P002,44,250.0,0,0,Urban,Electronics,258
2026-07-13,S002,P002,39,250.0,0,0,Urban,Electronics,241
2026-07-14,S002,P002,35,250.0,0,0,Urban,Electronics,211
2026-07-15,S002,P002,25,250.0,0,0,Urban,Electronics,499
2026-07-16,S002,P002,59,250.0,0,1,Urban,Electronics,474
2026-07-17,S002,P002,36,250.0,0,0,Urban,Electronics,465
2026-07-18,S002,P002,63,250.0,0,0,Urban,Electronics,441
2026-07-19,S002,P002,55,250.0,0,0,Urban,Electronics,411
2026-07-20,S002,P002,59,250.0,0,1,Urban,Electronics,405
2026-07-21,S002,P002,48,250.0,0,0,Urban,Electronics,370
2026-07-22,S002,P002,41,250.0,0,0,Urban,Electronics,369
2026-07-23,S002,P002,65,250.0,0,1,Urban,Electronics,330
2026-07-24,S002,P002,42,250.0,0,0,Urban,Electronics,323
2026-07-25,S002,P002,56,250.0,0,0,Urban,Electronics,303
2026-07-26,S002,P002,41,250.0,0,0,Urban,Electronics,275
2026-07-27,S002,P002,75,250.0,0,1,Urban,Electronics,264
2026-07-28,S002,P002,33,250.0,0,0,Urban,Electronics,232
2026-07-29,S002,P002,41,250.0,0,0,Urban,Electronics,212
2026-07-30,S002,P002,45,250.0,0,0,Urban,Electronics,497
2026-07-31,S002,P002,65,250.0,10,1,Urban,Electronics,474
2026-08-01,S002,P002,54,250.0,0,0,Urban,Electronics,482
2026-08-02,S002,P002,50,250.0,0,0,Urban,Electronics,454
2026-08-03,S002,P002,52,250.0,0,0,Urban,Electronics,448
2026-08-04,S002,P002,44,250.0,0,0,Urban,Electronics,421
2026-08-05,S002,P002,42,250.0,0,0,Urban,Electronics,398
2026-08-06,S002,P002,31,250.0,0,0,Urban,Electronics,384
2026-08-07,S002,P002,28,250.0,0,0,Urban,Electronics,354
2026-08-08,S002,P002,56,250.0,0,0,Urban,Electronics,330
2026-08-09,S002,P002,60,250.0,0,0,Urban,Electronics,324
2026-08-10,S002,P002,67,250.0,0,1,Urban,Electronics,302
2026-08-11,S002,P002,31,250.0,0,0,Urban,Electronics,275
2026-08-12,S002,P002,41,250.0,0,0,Urban,Electronics,263
2026-08-13,S002,P002,63,250.0,0,1,Urban,Electronics,244
2026-08-14,S002,P002,63,250.0,0,1,Urban,Electronics,226
2026-08-15,S002,P002,51,250.0,0,0,Urban,Electronics,491
2026-08-16,S002,P002,56,250.0,0,0,Urban,Electronics,474
2026-08-17,S002,P002,46,250.0,0,0,Urban,Electronics,467
2026-08-18,S002,P002,56,250.0,0,1,Urban,Electronics,443
2026-08-19,S002,P002,65,250.0,0,1,Urban,Electronics,420
2026-08-20,S002,P002,28,250.0,0,0,Urban,Electronics,392
2026-08-21,S002,P002,45,250.0,0,0,Urban,Electronics,385
2026-08-22,S002,P002,39,250.0,0,0,Urban,Electronics,366
2026-08-23,S002,P002,92,250.0,20,1,Urban,Electronics,335
2026-08-24,S002,P002,38,250.0,0,0,Urban,Electronics,323
2026-08-25,S002,P002,35,250.0,0,0,Urban,Electronics,297
2026-01-01,S002,PRODUCT_A,78,45.0,0,0,Urban,Apparel,485
2026-01-02,S002,PRODUCT_A,76,45.0,0,0,Urban,Apparel,462
2026-01-03,S002,PRODUCT_A,98,45.0,0,0,Urban,Apparel,432
2026-01-04,S002,PRODUCT_A,114,45.0,0,0,Urban,Apparel,418
2026-01-05,S002,PRODUCT_A,85,45.0,0,0,Urban,Apparel,391
2026-01-06,S002,PRODUCT_A,111,45.0,15,1,Urban,Apparel,385
2026-01-07,S002,PRODUCT_A,90,45.0,0,0,Urban,Apparel,359
2026-01-08,S002,PRODUCT_A,76,45.0,0,0,Urban,Apparel,342
2026-01-09,S002,PRODUCT_A,69,45.0,0,0,Urban,Apparel,315
2026-01-10,S002,PRODUCT_A,127,45.0,0,1,Urban,Apparel,295
2026-01-11,S002,PRODUCT_A,98,45.0,0,0,Urban,Apparel,287
2026-01-12,S002,PRODUCT_A,72,45.0,0,0,Urban,Apparel,259
2026-01-13,S002,PRODUCT_A,87,45.0,0,0,Urban,Apparel,245
2026-01-14,S002,PRODUCT_A,114,45.0,0,1,Urban,Apparel,213
2026-01-15,S002,PRODUCT_A,91,45.0,0,0,Urban,Apparel,506
2026-01-16,S002,PRODUCT_A,95,45.0,0,0,Urban,Apparel,475
2026-01-17,S002,PRODUCT_A,91,45.0,0,0,Urban,Apparel,450
2026-01-18,S002,PRODUCT_A,95,45.0,0,0,Urban,Apparel,439
2026-01-19,S002,PRODUCT_A,91,45.0,0,0,Urban,Apparel,421
2026-01-20,S002,PRODUCT_A,80,45.0,0,0,Urban,Apparel,398
2026-01-21,S002,PRODUCT_A,87,45.0,0,0,Urban,Apparel,379
2026-01-22,S002,PRODUCT_A,80,45.0,0,0,Urban,Apparel,351
2026-01-23,S002,PRODUCT_A,77,45.0,0,0,Urban,Apparel,345
2026-01-24,S002,PRODUCT_A,105,45.0,0,0,Urban,Apparel,323
2026-01-25,S002,PRODUCT_A,106,45.0,0,0,Urban,Apparel,298
2026-01-26,S002,PRODUCT_A,82,45.0,0,0,Urban,Apparel,279
2026-01-27,S002,PRODUCT_A,78,45.0,0,0,Urban,Apparel,260
2026-01-28,S002,PRODUCT_A,102,45.0,15,1,Urban,Apparel,231
2026-01-29,S002,PRODUCT_A,103,45.0,0,1,Urban,Apparel,220
2026-01-30,S002,PRODUCT_A,80,45.0,0,0,Urban,Apparel,504
2026-01-31,S002,PRODUCT_A,108,45.0,0,0,Urban,Apparel,481
2026-02-01,S002,PRODUCT_A,100,45.0,0,0,Urban,Apparel,484
2026-02-02,S002,PRODUCT_A,85,45.0,0,0,Urban,Apparel,456
2026-02-03,S002,PRODUCT_A,74,45.0,0,0,Urban,Apparel,441
2026-02-04,S002,PRODUCT_A,85,45.0,0,0,Urban,Apparel,420
2026-02-05,S002,PRODUCT_A,115,45.0,0,1,Urban,Apparel,394
2026-02-06,S002,PRODUCT_A,81,45.0,0,0,Urban,Apparel,373
2026-02-07,S002,PRODUCT_A,106,45.0,0,0,Urban,Apparel,365
2026-02-08,S002,PRODUCT_A,98,45.0,0,0,Urban,Apparel,336
2026-02-09,S002,PRODUCT_A,62,45.0,0,0,Urban,Apparel,312
2026-02-10,S002,PRODUCT_A,83,45.0,0,0,Urban,Apparel,304
2026-02-11,S002,PRODUCT_A,87,45.0,0,0,Urban,Apparel,274
2026-02-12,S002,PRODUCT_A,76,45.0,0,0,Urban,Apparel,269
2026-02-13,S002,PRODUCT_A,79,45.0,0,0,Urban,Apparel,231
2026-02-14,S002,PRODUCT_A,110,45.0,0,0,Urban,Apparel,225
2026-02-15,S002,PRODUCT_A,102,45.0,0,0,Urban,Apparel,508
2026-02-16,S002,PRODUCT_A,94,45.0,0,0,Urban,Apparel,482
2026-02-17,S002,PRODUCT_A,75,45.0,0,0,Urban,Apparel,458
2026-02-18,S002,PRODUCT_A,77,45.0,0,0,Urban,Apparel,448
2026-02-19,S002,PRODUCT_A,87,45.0,0,0,Urban,Apparel,429
2026-02-20,S002,PRODUCT_A,87,45.0,0,0,Urban,Apparel,393
2026-02-21,S002,PRODUCT_A,101,45.0,0,0,Urban,Apparel,380
2026-02-22,S002,PRODUCT_A,98,45.0,0,0,Urban,Apparel,353
2026-02-23,S002,PRODUCT_A,92,45.0,0,0,Urban,Apparel,348
2026-02-24,S002,PRODUCT_A,124,45.0,10,1,Urban,Apparel,329
2026-02-25,S002,PRODUCT_A,97,45.0,0,0,Urban,Apparel,305
2026-02-26,S002,PRODUCT_A,93,45.0,0,0,Urban,Apparel,276
2026-02-27,S002,PRODUCT_A,111,45.0,0,1,Urban,Apparel,253
2026-02-28,S002,PRODUCT_A,110,45.0,0,0,Urban,Apparel,244
2026-03-01,S002,PRODUCT_A,118,45.0,0,1,Urban,Apparel,479
2026-03-02,S002,PRODUCT_A,80,45.0,0,0,Urban,Apparel,459
2026-03-03,S002,PRODUCT_A,117,45.0,0,1,Urban,Apparel,441
2026-03-04,S002,PRODUCT_A,88,45.0,0,0,Urban,Apparel,426
2026-03-05,S002,PRODUCT_A,102,45.0,10,1,Urban,Apparel,399
2026-03-06,S002,PRODUCT_A,83,45.0,0,0,Urban,Apparel,377
2026-03-07,S002,PRODUCT_A,109,45.0,0,0,Urban,Apparel,364
2026-03-08,S002,PRODUCT_A,110,45.0,0,0,Urban,Apparel,345
2026-03-09,S002,PRODUCT_A,87,45.0,0,0,Urban,Apparel,318
2026-03-10,S002,PRODUCT_A,105,45.0,0,1,Urban,Apparel,291
2026-03-11,S002,PRODUCT_A,94,45.0,0,0,Urban,Apparel,285
2026-03-12,S002,PRODUCT_A,88,45.0,0,0,Urban,Apparel,251
2026-03-13,S002,PRODUCT_A,75,45.0,0,0,Urban,Apparel,231
2026-03-14,S002,PRODUCT_A,101,45.0,0,0,Urban,Apparel,223
2026-03-15,S002,PRODUCT_A,103,45.0,0,0,Urban,Apparel,509
2026-03-16,S002,PRODUCT_A,95,45.0,0,0,Urban,Apparel,479
2026-03-17,S002,PRODUCT_A,88,45.0,0,0,Urban,Apparel,455
2026-03-18,S002,PRODUCT_A,87,45.0,0,0,Urban,Apparel,433
2026-03-19,S002,PRODUCT_A,73,45.0,0,0,Urban,Apparel,422
2026-03-20,S002,PRODUCT_A,91,45.0,0,0,Urban,Apparel,407
2026-03-21,S002,PRODUCT_A,106,45.0,0,0,Urban,Apparel,385
2026-03-22,S002,PRODUCT_A,94,45.0,0,0,Urban,Apparel,353
2026-03-23,S002,PRODUCT_A,84,45.0,0,0,Urban,Apparel,343
2026-03-24,S002,PRODUCT_A,77,45.0,0,0,Urban,Apparel,325
2026-03-25,S002,PRODUCT_A,110,45.0,10,1,Urban,Apparel,294
2026-03-26,S002,PRODUCT_A,60,45.0,0,0,Urban,Apparel,289
2026-03-27,S002,PRODUCT_A,77,45.0,0,0,Urban,Apparel,260
2026-03-28,S002,PRODUCT_A,92,45.0,0,0,Urban,Apparel,232
2026-03-29,S002,PRODUCT_A,109,45.0,0,0,Urban,Apparel,229
2026-03-30,S002,PRODUCT_A,86,45.0,0,0,Urban,Apparel,498
2026-03-31,S002,PRODUCT_A,82,45.0,0,0,Urban,Apparel,471
2026-04-01,S002,PRODUCT_A,94,45.0,0,0,Urban,Apparel,477
2026-04-02,S002,PRODUCT_A,80,45.0,0,0,Urban,Apparel,460
2026-04-03,S002,PRODUCT_A,108,45.0,20,1,Urban,Apparel,440
2026-04-04,S002,PRODUCT_A,110,45.0,0,0,Urban,Apparel,424
2026-04-05,S002,PRODUCT_A,102,45.0,0,0,Urban,Apparel,391
2026-04-06,S002,PRODUCT_A,76,45.0,0,0,Urban,Apparel,388
2026-04-07,S002,PRODUCT_A,94,45.0,0,0,Urban,Apparel,352
2026-04-08,S002,PRODUCT_A,86,45.0,0,0,Urban,Apparel,349
2026-04-09,S002,PRODUCT_A,78,45.0,0,0,Urban,Apparel,313
2026-04-10,S002,PRODUCT_A,90,45.0,0,0,Urban,Apparel,309
2026-04-11,S002,PRODUCT_A,108,45.0,0,0,Urban,Apparel,282
2026-04-12,S002,PRODUCT_A,125,45.0,0,1,Urban,Apparel,260
2026-04-13,S002,PRODUCT_A,78,45.0,0,0,Urban,Apparel,238
2026-04-14,S002,PRODUCT_A,94,45.0,0,0,Urban,Apparel,223
2026-04-15,S002,PRODUCT_A,103,45.0,0,0,Urban,Apparel,499
2026-04-16,S002,PRODUCT_A,125,45.0,0,1,Urban,Apparel,483
2026-04-17,S002,PRODUCT_A,85,45.0,0,0,Urban,Apparel,466
2026-04-18,S002,PRODUCT_A,112,45.0,0,0,Urban,Apparel,436
2026-04-19,S002,PRODUCT_A,104,45.0,0,0,Urban,Apparel,413
2026-04-20,S002,PRODUCT_A,89,45.0,0,0,Urban,Apparel,400
2026-04-21,S002,PRODUCT_A,124,45.0,0,1,Urban,Apparel,385
2026-04-22,S002,PRODUCT_A,91,45.0,0,0,Urban,Apparel,369
2026-04-23,S002,PRODUCT_A,93,45.0,0,0,Urban,Apparel,340
2026-04-24,S002,PRODUCT_A,103,45.0,0,1,Urban,Apparel,318
2026-04-25,S002,PRODUCT_A,89,45.0,0,0,Urban,Apparel,307
2026-04-26,S002,PRODUCT_A,100,45.0,0,0,Urban,Apparel,288
2026-04-27,S002,PRODUCT_A,87,45.0,0,0,Urban,Apparel,263
2026-04-28,S002,PRODUCT_A,69,45.0,0,0,Urban,Apparel,242
2026-04-29,S002,PRODUCT_A,80,45.0,0,0,Urban,Apparel,228
2026-04-30,S002,PRODUCT_A,97,45.0,0,0,Urban,Apparel,509
2026-05-01,S002,PRODUCT_A,96,45.0,0,0,Urban,Apparel,479
2026-05-02,S002,PRODUCT_A,98,45.0,0,0,Urban,Apparel,459
2026-05-03,S002,PRODUCT_A,98,45.0,0,0,Urban,Apparel,436
2026-05-04,S002,PRODUCT_A,79,45.0,0,0,Urban,Apparel,411
2026-05-05,S002,PRODUCT_A,81,45.0,0,0,Urban,Apparel,393
2026-05-06,S002,PRODUCT_A,85,45.0,0,0,Urban,Apparel,387
2026-05-07,S002,PRODUCT_A,105,45.0,0,1,Urban,Apparel,368
2026-05-08,S002,PRODUCT_A,100,45.0,0,0,Urban,Apparel,343
2026-05-09,S002,PRODUCT_A,102,45.0,0,0,Urban,Apparel,325
2026-05-10,S002,PRODUCT_A,98,45.0,0,0,Urban,Apparel,294
2026-05-11,S002,PRODUCT_A,92,45.0,0,0,Urban,Apparel,285
2026-05-12,S002,PRODUCT_A,87,45.0,0,0,Urban,Apparel,260
2026-05-13,S002,PRODUCT_A,59,45.0,0,0,Urban,Apparel,241
2026-05-14,S002,PRODUCT_A,111,45.0,10,1,Urban,Apparel,210
2026-05-15,S002,PRODUCT_A,85,45.0,0,0,Urban,Apparel,502
2026-05-16,S002,PRODUCT_A,110,45.0,0,0,Urban,Apparel,488
2026-05-17,S002,PRODUCT_A,103,45.0,0,0,Urban,Apparel,454
2026-05-18,S002,PRODUCT_A,89,45.0,0,0,Urban,Apparel,436
2026-05-19,S002,PRODUCT_A,120,45.0,0,1,Urban,Apparel,410
2026-05-20,S002,PRODUCT_A,94,45.0,0,0,Urban,Apparel,396
2026-05-21,S002,PRODUCT_A,73,45.0,0,0,Urban,Apparel,387
2026-05-22,S002,PRODUCT_A,84,45.0,0,0,Urban,Apparel,354
2026-05-23,S002,PRODUCT_A,131,45.0,10,1,Urban,Apparel,340
2026-05-24,S002,PRODUCT_A,134,45.0,0,1,Urban,Apparel,311
2026-05-25,S002,PRODUCT_A,106,45.0,0,1,Urban,Apparel,305
2026-05-26,S002,PRODUCT_A,109,45.0,0,1,Urban,Apparel,286
2026-05-27,S002,PRODUCT_A,85,45.0,0,0,Urban,Apparel,262
2026-05-28,S002,PRODUCT_A,105,45.0,10,1,Urban,Apparel,239
2026-05-29,S002,PRODUCT_A,92,45.0,0,0,Urban,Apparel,224
2026-05-30,S002,PRODUCT_A,94,45.0,0,0,Urban,Apparel,492
2026-05-31,S002,PRODUCT_A,106,45.0,0,0,Urban,Apparel,484
2026-06-01,S002,PRODUCT_A,108,45.0,20,1,Urban,Apparel,489
2026-06-02,S002,PRODUCT_A,89,45.0,0,0,Urban,Apparel,468
2026-06-03,S002,PRODUCT_A,86,45.0,0,0,Urban,Apparel,442
2026-06-04,S002,PRODUCT_A,105,45.0,0,1,Urban,Apparel,423
2026-06-05,S002,PRODUCT_A,111,45.0,0,1,Urban,Apparel,394
2026-06-06,S002,PRODUCT_A,90,45.0,0,0,Urban,Apparel,379
2026-06-07,S002,PRODUCT_A,122,45.0,10,1,Urban,Apparel,361
2026-06-08,S002,PRODUCT_A,109,45.0,10,1,Urban,Apparel,343
2026-06-09,S002,PRODUCT_A,80,45.0,0,0,Urban,Apparel,320
2026-06-10,S002,PRODUCT_A,75,45.0,0,0,Urban,Apparel,294
2026-06-11,S002,PRODUCT_A,117,45.0,0,1,Urban,Apparel,287
2026-06-12,S002,PRODUCT_A,69,45.0,0,0,Urban,Apparel,268
2026-06-13,S002,PRODUCT_A,97,45.0,0,0,Urban,Apparel,249
2026-06-14,S002,PRODUCT_A,111,45.0,0,0,Urban,Apparel,213
2026-06-15,S002,PRODUCT_A,97,45.0,0,0,Urban,Apparel,505
2026-06-16,S002,PRODUCT_A,90,45.0,0,0,Urban,Apparel,482
2026-06-17,S002,PRODUCT_A,89,45.0,0,0,Urban,Apparel,462
2026-06-18,S002,PRODUCT_A,93,45.0,0,0,Urban,Apparel,441
2026-06-19,S002,PRODUCT_A,78,45.0,0,0,Urban,Apparel,420
2026-06-20,S002,PRODUCT_A,115,45.0,0,1,Urban,Apparel,403
2026-06-21,S002,PRODUCT_A,143,45.0,10,1,Urban,Apparel,380
2026-06-22,S002,PRODUCT_A,109,45.0,0,1,Urban,Apparel,368
2026-06-23,S002,PRODUCT_A,81,45.0,0,0,Urban,Apparel,330
2026-06-24,S002,PRODUCT_A,122,45.0,10,1,Urban,Apparel,326
2026-06-25,S002,PRODUCT_A,106,45.0,15,1,Urban,Apparel,295
2026-06-26,S002,PRODUCT_A,101,45.0,0,0,Urban,Apparel,285
2026-06-27,S002,PRODUCT_A,87,45.0,0,0,Urban,Apparel,258
2026-06-28,S002,PRODUCT_A,115,45.0,0,0,Urban,Apparel,248
2026-06-29,S002,PRODUCT_A,64,45.0,0,0,Urban,Apparel,222
2026-06-30,S002,PRODUCT_A,81,45.0,0,0,Urban,Apparel,504
2026-07-01,S002,PRODUCT_A,105,45.0,0,0,Urban,Apparel,482
2026-07-02,S002,PRODUCT_A,75,45.0,0,0,Urban,Apparel,468
2026-07-03,S002,PRODUCT_A,106,45.0,0,1,Urban,Apparel,435
2026-07-04,S002,PRODUCT_A,100,45.0,0,0,Urban,Apparel,422
2026-07-05,S002,PRODUCT_A,100,45.0,0,0,Urban,Apparel,402
2026-07-06,S002,PRODUCT_A,74,45.0,0,0,Urban,Apparel,389
2026-07-07,S002,PRODUCT_A,99,45.0,0,0,Urban,Apparel,358
2026-07-08,S002,PRODUCT_A,74,45.0,0,0,Urban,Apparel,347
2026-07-09,S002,PRODUCT_A,84,45.0,0,0,Urban,Apparel,315
2026-07-10,S002,PRODUCT_A,87,45.0,0,0,Urban,Apparel,303
2026-07-11,S002,PRODUCT_A,101,45.0,0,0,Urban,Apparel,270
2026-07-12,S002,PRODUCT_A,92,45.0,0,0,Urban,Apparel,267
2026-07-13,S002,PRODUCT_A,78,45.0,0,0,Urban,Apparel,232
2026-07-14,S002,PRODUCT_A,108,45.0,0,1,Urban,Apparel,222
2026-07-15,S002,PRODUCT_A,86,45.0,0,0,Urban,Apparel,505
2026-07-16,S002,PRODUCT_A,78,45.0,0,0,Urban,Apparel,488
2026-07-17,S002,PRODUCT_A,102,45.0,0,1,Urban,Apparel,459
2026-07-18,S002,PRODUCT_A,94,45.0,0,0,Urban,Apparel,431
2026-07-19,S002,PRODUCT_A,96,45.0,0,0,Urban,Apparel,422
2026-07-20,S002,PRODUCT_A,95,45.0,0,0,Urban,Apparel,395
2026-07-21,S002,PRODUCT_A,85,45.0,0,0,Urban,Apparel,389
2026-07-22,S002,PRODUCT_A,75,45.0,0,0,Urban,Apparel,369
2026-07-23,S002,PRODUCT_A,73,45.0,0,0,Urban,Apparel,337
2026-07-24,S002,PRODUCT_A,96,45.0,0,0,Urban,Apparel,318
2026-07-25,S002,PRODUCT_A,94,45.0,0,0,Urban,Apparel,309
2026-07-26,S002,PRODUCT_A,91,45.0,0,0,Urban,Apparel,274
2026-07-27,S002,PRODUCT_A,95,45.0,0,0,Urban,Apparel,262
2026-07-28,S002,PRODUCT_A,94,45.0,0,0,Urban,Apparel,242
2026-07-29,S002,PRODUCT_A,90,45.0,0,0,Urban,Apparel,225
2026-07-30,S002,PRODUCT_A,83,45.0,0,0,Urban,Apparel,498
2026-07-31,S002,PRODUCT_A,71,45.0,0,0,Urban,Apparel,478
2026-08-01,S002,PRODUCT_A,92,45.0,0,0,Urban,Apparel,471
2026-08-02,S002,PRODUCT_A,101,45.0,0,0,Urban,Apparel,456
2026-08-03,S002,PRODUCT_A,90,45.0,0,0,Urban,Apparel,443
2026-08-04,S002,PRODUCT_A,82,45.0,0,0,Urban,Apparel,426
2026-08-05,S002,PRODUCT_A,78,45.0,0,0,Urban,Apparel,402
2026-08-06,S002,PRODUCT_A,96,45.0,0,0,Urban,Apparel,372
2026-08-07,S002,PRODUCT_A,91,45.0,0,0,Urban,Apparel,367
2026-08-08,S002,PRODUCT_A,108,45.0,0,0,Urban,Apparel,348
2026-08-09,S002,PRODUCT_A,89,45.0,0,0,Urban,Apparel,325
2026-08-10,S002,PRODUCT_A,105,45.0,10,1,Urban,Apparel,292
2026-08-11,S002,PRODUCT_A,118,45.0,0,1,Urban,Apparel,275
2026-08-12,S002,PRODUCT_A,83,45.0,0,0,Urban,Apparel,268
2026-08-13,S002,PRODUCT_A,88,45.0,0,0,Urban,Apparel,245
2026-08-14,S002,PRODUCT_A,116,45.0,15,1,Urban,Apparel,219
2026-08-15,S002,PRODUCT_A,97,45.0,0,0,Urban,Apparel,495
2026-08-16,S002,PRODUCT_A,101,45.0,0,0,Urban,Apparel,486
2026-08-17,S002,PRODUCT_A,87,45.0,0,0,Urban,Apparel,460
2026-08-18,S002,PRODUCT_A,83,45.0,0,0,Urban,Apparel,432
2026-08-19,S002,PRODUCT_A,80,45.0,0,0,Urban,Apparel,423
2026-08-20,S002,PRODUCT_A,86,45.0,0,0,Urban,Apparel,396
2026-08-21,S002,PRODUCT_A,81,45.0,0,0,Urban,Apparel,377
2026-08-22,S002,PRODUCT_A,130,45.0,0,1,Urban,Apparel,362
2026-08-23,S002,PRODUCT_A,104,45.0,0,0,Urban,Apparel,337
2026-08-24,S002,PRODUCT_A,89,45.0,0,0,Urban,Apparel,322
2026-08-25,S002,PRODUCT_A,83,45.0,0,0,Urban,Apparel,290
2026-01-01,STORE_17,P001,118,100.0,0,0,High_Volume,Grocery,478
2026-01-02,STORE_17,P001,153,100.0,0,1,High_Volume,Grocery,450
2026-01-03,STORE_17,P001,135,100.0,0,0,High_Volume,Grocery,446
2026-01-04,STORE_17,P001,149,100.0,0,0,High_Volume,Grocery,414
2026-01-05,STORE_17,P001,144,100.0,15,1,High_Volume,Grocery,403
2026-01-06,STORE_17,P001,125,100.0,0,0,High_Volume,Grocery,386
2026-01-07,STORE_17,P001,122,100.0,0,0,High_Volume,Grocery,363
2026-01-08,STORE_17,P001,112,100.0,0,0,High_Volume,Grocery,344
2026-01-09,STORE_17,P001,134,100.0,0,1,High_Volume,Grocery,312
2026-01-10,STORE_17,P001,141,100.0,0,0,High_Volume,Grocery,302
2026-01-11,STORE_17,P001,131,100.0,0,0,High_Volume,Grocery,289
2026-01-12,STORE_17,P001,130,100.0,0,0,High_Volume,Grocery,250
2026-01-13,STORE_17,P001,121,100.0,0,0,High_Volume,Grocery,231
2026-01-14,STORE_17,P001,107,100.0,0,0,High_Volume,Grocery,216
2026-01-15,STORE_17,P001,136,100.0,0,1,High_Volume,Grocery,497
2026-01-16,STORE_17,P001,120,100.0,0,0,High_Volume,Grocery,471
2026-01-17,STORE_17,P001,142,100.0,0,0,High_Volume,Grocery,469
2026-01-18,STORE_17,P001,148,100.0,0,0,High_Volume,Grocery,432
2026-01-19,STORE_17,P001,139,100.0,15,1,High_Volume,Grocery,425
2026-01-20,STORE_17,P001,123,100.0,0,0,High_Volume,Grocery,391
2026-01-21,STORE_17,P001,139,100.0,0,1,High_Volume,Grocery,374
2026-01-22,STORE_17,P001,128,100.0,0,0,High_Volume,Grocery,365
2026-01-23,STORE_17,P001,114,100.0,0,0,High_Volume,Grocery,339
2026-01-24,STORE_17,P001,156,100.0,0,0,High_Volume,Grocery,318
2026-01-25,STORE_17,P001,121,100.0,0,0,High_Volume,Grocery,291
2026-01-26,STORE_17,P001,120,100.0,0,0,High_Volume,Grocery,275
2026-01-27,STORE_17,P001,122,100.0,0,0,High_Volume,Grocery,250
2026-01-28,STORE_17,P001,125,100.0,0,0,High_Volume,Grocery,233
2026-01-29,STORE_17,P001,111,100.0,0,0,High_Volume,Grocery,210
2026-01-30,STORE_17,P001,109,100.0,0,0,High_Volume,Grocery,498
2026-01-31,STORE_17,P001,141,100.0,0,0,High_Volume,Grocery,486
2026-02-01,STORE_17,P001,129,100.0,0,0,High_Volume,Grocery,487
2026-02-02,STORE_17,P001,126,100.0,0,0,High_Volume,Grocery,459
2026-02-03,STORE_17,P001,153,100.0,10,1,High_Volume,Grocery,448
2026-02-04,STORE_17,P001,116,100.0,0,0,High_Volume,Grocery,416
2026-02-05,STORE_17,P001,120,100.0,0,0,High_Volume,Grocery,399
2026-02-06,STORE_17,P001,127,100.0,0,0,High_Volume,Grocery,373
2026-02-07,STORE_17,P001,155,100.0,15,1,High_Volume,Grocery,360
2026-02-08,STORE_17,P001,144,100.0,0,0,High_Volume,Grocery,344
2026-02-09,STORE_17,P001,120,100.0,0,0,High_Volume,Grocery,328
2026-02-10,STORE_17,P001,110,100.0,0,0,High_Volume,Grocery,292
2026-02-11,STORE_17,P001,121,100.0,0,0,High_Volume,Grocery,280
2026-02-12,STORE_17,P001,140,100.0,0,1,High_Volume,Grocery,265
2026-02-13,STORE_17,P001,118,100.0,0,0,High_Volume,Grocery,246
2026-02-14,STORE_17,P001,142,100.0,0,0,High_Volume,Grocery,212
2026-02-15,STORE_17,P001,138,100.0,0,0,High_Volume,Grocery,508
2026-02-16,STORE_17,P001,133,100.0,0,0,High_Volume,Grocery,485
2026-02-17,STORE_17,P001,119,100.0,0,0,High_Volume,Grocery,457
2026-02-18,STORE_17,P001,118,100.0,0,0,High_Volume,Grocery,436
2026-02-19,STORE_17,P001,120,100.0,0,0,High_Volume,Grocery,416
2026-02-20,STORE_17,P001,118,100.0,0,0,High_Volume,Grocery,408
2026-02-21,STORE_17,P001,147,100.0,0,0,High_Volume,Grocery,387
2026-02-22,STORE_17,P001,146,100.0,0,0,High_Volume,Grocery,358
2026-02-23,STORE_17,P001,120,100.0,0,0,High_Volume,Grocery,344
2026-02-24,STORE_17,P001,119,100.0,0,0,High_Volume,Grocery,322
2026-02-25,STORE_17,P001,115,100.0,0,0,High_Volume,Grocery,302
2026-02-26,STORE_17,P001,142,100.0,20,1,High_Volume,Grocery,282
2026-02-27,STORE_17,P001,145,100.0,0,1,High_Volume,Grocery,254
2026-02-28,STORE_17,P001,132,100.0,0,0,High_Volume,Grocery,235
2026-03-01,STORE_17,P001,137,100.0,0,0,High_Volume,Grocery,483
2026-03-02,STORE_17,P001,124,100.0,0,0,High_Volume,Grocery,451
2026-03-03,STORE_17,P001,130,100.0,0,0,High_Volume,Grocery,438
2026-03-04,STORE_17,P001,154,100.0,15,1,High_Volume,Grocery,416
2026-03-05,STORE_17,P001,148,100.0,0,1,High_Volume,Grocery,409
2026-03-06,STORE_17,P001,113,100.0,0,0,High_Volume,Grocery,371
2026-03-07,STORE_17,P001,132,100.0,0,0,High_Volume,Grocery,366
2026-03-08,STORE_17,P001,135,100.0,0,0,High_Volume,Grocery,348
2026-03-09,STORE_17,P001,121,100.0,0,0,High_Volume,Grocery,325
2026-03-10,STORE_17,P001,128,100.0,0,0,High_Volume,Grocery,306
2026-03-11,STORE_17,P001,117,100.0,0,0,High_Volume,Grocery,287
2026-03-12,STORE_17,P001,122,100.0,0,0,High_Volume,Grocery,262
2026-03-13,STORE_17,P001,102,100.0,0,0,High_Volume,Grocery,230
2026-03-14,STORE_17,P001,155,100.0,10,1,High_Volume,Grocery,218
2026-03-15,STORE_17,P001,134,100.0,0,0,High_Volume,Grocery,497
2026-03-16,STORE_17,P001,108,100.0,0,0,High_Volume,Grocery,471
2026-03-17,STORE_17,P001,122,100.0,0,0,High_Volume,Grocery,458
2026-03-18,STORE_17,P001,121,100.0,0,0,High_Volume,Grocery,437
2026-03-19,STORE_17,P001,113,100.0,0,0,High_Volume,Grocery,427
2026-03-20,STORE_17,P001,134,100.0,0,1,High_Volume,Grocery,405
2026-03-21,STORE_17,P001,136,100.0,0,0,High_Volume,Grocery,382
2026-03-22,STORE_17,P001,145,100.0,0,0,High_Volume,Grocery,353
2026-03-23,STORE_17,P001,140,100.0,10,1,High_Volume,Grocery,344
2026-03-24,STORE_17,P001,144,100.0,0,1,High_Volume,Grocery,314
2026-03-25,STORE_17,P001,132,100.0,0,1,High_Volume,Grocery,303
2026-03-26,STORE_17,P001,128,100.0,0,1,High_Volume,Grocery,279
2026-03-27,STORE_17,P001,119,100.0,0,0,High_Volume,Grocery,261
2026-03-28,STORE_17,P001,131,100.0,0,0,High_Volume,Grocery,240
2026-03-29,STORE_17,P001,143,100.0,0,0,High_Volume,Grocery,212
2026-03-30,STORE_17,P001,132,100.0,10,1,High_Volume,Grocery,493
2026-03-31,STORE_17,P001,153,100.0,10,1,High_Volume,Grocery,470
2026-04-01,STORE_17,P001,133,100.0,0,0,High_Volume,Grocery,477
2026-04-02,STORE_17,P001,113,100.0,0,0,High_Volume,Grocery,455
2026-04-03,STORE_17,P001,124,100.0,0,0,High_Volume,Grocery,440
2026-04-04,STORE_17,P001,130,100.0,0,0,High_Volume,Grocery,423
2026-04-05,STORE_17,P001,135,100.0,0,0,High_Volume,Grocery,392
2026-04-06,STORE_17,P001,158,100.0,10,1,High_Volume,Grocery,380
2026-04-07,STORE_17,P001,116,100.0,0,0,High_Volume,Grocery,361
2026-04-08,STORE_17,P001,127,100.0,0,0,High_Volume,Grocery,343
2026-04-09,STORE_17,P001,112,100.0,0,0,High_Volume,Grocery,325
2026-04-10,STORE_17,P001,119,100.0,0,0,High_Volume,Grocery,291
2026-04-11,STORE_17,P001,124,100.0,0,0,High_Volume,Grocery,286
2026-04-12,STORE_17,P001,151,100.0,0,1,High_Volume,Grocery,269
2026-04-13,STORE_17,P001,160,100.0,15,1,High_Volume,Grocery,233
2026-04-14,STORE_17,P001,120,100.0,0,0,High_Volume,Grocery,228
2026-04-15,STORE_17,P001,116,100.0,0,0,High_Volume,Grocery,493
2026-04-16,STORE_17,P001,121,100.0,0,0,High_Volume,Grocery,481
2026-04-17,STORE_17,P001,137,100.0,0,1,High_Volume,Grocery,465
2026-04-18,STORE_17,P001,131,100.0,0,0,High_Volume,Grocery,449
2026-04-19,STORE_17,P001,164,100.0,0,1,High_Volume,Grocery,420
2026-04-20,STORE_17,P001,123,100.0,0,0,High_Volume,Grocery,392
2026-04-21,STORE_17,P001,122,100.0,0,0,High_Volume,Grocery,384
2026-04-22,STORE_17,P001,134,100.0,0,0,High_Volume,Grocery,355
2026-04-23,STORE_17,P001,120,100.0,0,0,High_Volume,Grocery,340
2026-04-24,STORE_17,P001,119,100.0,0,0,High_Volume,Grocery,319
2026-04-25,STORE_17,P001,139,100.0,0,0,High_Volume,Grocery,303
2026-04-26,STORE_17,P001,135,100.0,0,0,High_Volume,Grocery,275
2026-04-27,STORE_17,P001,116,100.0,0,0,High_Volume,Grocery,268
2026-04-28,STORE_17,P001,122,100.0,0,0,High_Volume,Grocery,236
2026-04-29,STORE_17,P001,117,100.0,0,0,High_Volume,Grocery,213
2026-04-30,STORE_17,P001,112,100.0,0,0,High_Volume,Grocery,508
2026-05-01,STORE_17,P001,135,100.0,10,1,High_Volume,Grocery,488
2026-05-02,STORE_17,P001,138,100.0,0,0,High_Volume,Grocery,461
2026-05-03,STORE_17,P001,119,100.0,0,0,High_Volume,Grocery,433
2026-05-04,STORE_17,P001,122,100.0,0,0,High_Volume,Grocery,429
2026-05-05,STORE_17,P001,116,100.0,0,0,High_Volume,Grocery,403
2026-05-06,STORE_17,P001,155,100.0,10,1,High_Volume,Grocery,381
2026-05-07,STORE_17,P001,104,100.0,0,0,High_Volume,Grocery,355
2026-05-08,STORE_17,P001,145,100.0,15,1,High_Volume,Grocery,341
2026-05-09,STORE_17,P001,161,100.0,0,1,High_Volume,Grocery,315
2026-05-10,STORE_17,P001,131,100.0,0,0,High_Volume,Grocery,299
2026-05-11,STORE_17,P001,112,100.0,0,0,High_Volume,Grocery,276
2026-05-12,STORE_17,P001,116,100.0,0,0,High_Volume,Grocery,267
2026-05-13,STORE_17,P001,115,100.0,0,0,High_Volume,Grocery,243
2026-05-14,STORE_17,P001,141,100.0,0,1,High_Volume,Grocery,219
2026-05-15,STORE_17,P001,129,100.0,0,0,High_Volume,Grocery,507
2026-05-16,STORE_17,P001,134,100.0,0,0,High_Volume,Grocery,474
2026-05-17,STORE_17,P001,152,100.0,0,0,High_Volume,Grocery,467
2026-05-18,STORE_17,P001,109,100.0,0,0,High_Volume,Grocery,437
2026-05-19,STORE_17,P001,114,100.0,0,0,High_Volume,Grocery,429
2026-05-20,STORE_17,P001,143,100.0,15,1,High_Volume,Grocery,393
2026-05-21,STORE_17,P001,121,100.0,0,0,High_Volume,Grocery,379
2026-05-22,STORE_17,P001,106,100.0,0,0,High_Volume,Grocery,354
2026-05-23,STORE_17,P001,130,100.0,0,0,High_Volume,Grocery,345
2026-05-24,STORE_17,P001,129,100.0,0,0,High_Volume,Grocery,311
2026-05-25,STORE_17,P001,126,100.0,0,0,High_Volume,Grocery,294
2026-05-26,STORE_17,P001,120,100.0,0,0,High_Volume,Grocery,282
2026-05-27,STORE_17,P001,120,100.0,0,0,High_Volume,Grocery,261
2026-05-28,STORE_17,P001,133,100.0,10,1,High_Volume,Grocery,247
2026-05-29,STORE_17,P001,115,100.0,0,0,High_Volume,Grocery,214
2026-05-30,STORE_17,P001,136,100.0,0,0,High_Volume,Grocery,501
2026-05-31,STORE_17,P001,146,100.0,0,0,High_Volume,Grocery,484
2026-06-01,STORE_17,P001,148,100.0,0,1,High_Volume,Grocery,479
2026-06-02,STORE_17,P001,113,100.0,0,0,High_Volume,Grocery,464
2026-06-03,STORE_17,P001,111,100.0,0,0,High_Volume,Grocery,436
2026-06-04,STORE_17,P001,111,100.0,0,0,High_Volume,Grocery,425
2026-06-05,STORE_17,P001,128,100.0,0,0,High_Volume,Grocery,395
2026-06-06,STORE_17,P001,139,100.0,0,0,High_Volume,Grocery,374
2026-06-07,STORE_17,P001,150,100.0,0,1,High_Volume,Grocery,362
2026-06-08,STORE_17,P001,118,100.0,0,0,High_Volume,Grocery,333
2026-06-09,STORE_17,P001,143,100.0,10,1,High_Volume,Grocery,319
2026-06-10,STORE_17,P001,130,100.0,0,0,High_Volume,Grocery,305
2026-06-11,STORE_17,P001,119,100.0,0,0,High_Volume,Grocery,278
2026-06-12,STORE_17,P001,119,100.0,0,0,High_Volume,Grocery,252
2026-06-13,STORE_17,P001,141,100.0,0,0,High_Volume,Grocery,243
2026-06-14,STORE_17,P001,130,100.0,0,0,High_Volume,Grocery,223
2026-06-15,STORE_17,P001,97,100.0,0,0,High_Volume,Grocery,495
2026-06-16,STORE_17,P001,129,100.0,0,0,High_Volume,Grocery,477
2026-06-17,STORE_17,P001,137,100.0,20,1,High_Volume,Grocery,460
2026-06-18,STORE_17,P001,119,100.0,0,0,High_Volume,Grocery,448
2026-06-19,STORE_17,P001,120,100.0,0,0,High_Volume,Grocery,419
2026-06-20,STORE_17,P001,144,100.0,0,0,High_Volume,Grocery,392
2026-06-21,STORE_17,P001,132,100.0,0,0,High_Volume,Grocery,387
2026-06-22,STORE_17,P001,136,100.0,0,0,High_Volume,Grocery,351
2026-06-23,STORE_17,P001,124,100.0,0,0,High_Volume,Grocery,333
2026-06-24,STORE_17,P001,117,100.0,0,0,High_Volume,Grocery,319
2026-06-25,STORE_17,P001,141,100.0,0,1,High_Volume,Grocery,291
2026-06-26,STORE_17,P001,117,100.0,0,0,High_Volume,Grocery,285
2026-06-27,STORE_17,P001,152,100.0,15,1,High_Volume,Grocery,263
2026-06-28,STORE_17,P001,173,100.0,0,1,High_Volume,Grocery,233
2026-06-29,STORE_17,P001,128,100.0,0,0,High_Volume,Grocery,218
2026-06-30,STORE_17,P001,120,100.0,0,0,High_Volume,Grocery,497
2026-07-01,STORE_17,P001,120,100.0,0,0,High_Volume,Grocery,484
2026-07-02,STORE_17,P001,120,100.0,0,0,High_Volume,Grocery,451
2026-07-03,STORE_17,P001,147,100.0,0,1,High_Volume,Grocery,445
2026-07-04,STORE_17,P001,132,100.0,0,0,High_Volume,Grocery,425
2026-07-05,STORE_17,P001,148,100.0,0,0,High_Volume,Grocery,401
2026-07-06,STORE_17,P001,126,100.0,0,0,High_Volume,Grocery,387
2026-07-07,STORE_17,P001,153,100.0,0,1,High_Volume,Grocery,366
2026-07-08,STORE_17,P001,118,100.0,0,0,High_Volume,Grocery,349
2026-07-09,STORE_17,P001,123,100.0,0,0,High_Volume,Grocery,325
2026-07-10,STORE_17,P001,118,100.0,0,0,High_Volume,Grocery,302
2026-07-11,STORE_17,P001,121,100.0,0,0,High_Volume,Grocery,282
2026-07-12,STORE_17,P001,132,100.0,0,0,High_Volume,Grocery,269
2026-07-13,STORE_17,P001,140,100.0,0,1,High_Volume,Grocery,241
2026-07-14,STORE_17,P001,129,100.0,0,0,High_Volume,Grocery,219
2026-07-15,STORE_17,P001,117,100.0,0,0,High_Volume,Grocery,498
2026-07-16,STORE_17,P001,120,100.0,0,0,High_Volume,Grocery,475
2026-07-17,STORE_17,P001,127,100.0,0,0,High_Volume,Grocery,468
2026-07-18,STORE_17,P001,145,100.0,0,0,High_Volume,Grocery,446
2026-07-19,STORE_17,P001,140,100.0,0,0,High_Volume,Grocery,414
2026-07-20,STORE_17,P001,118,100.0,0,0,High_Volume,Grocery,397
2026-07-21,STORE_17,P001,110,100.0,0,0,High_Volume,Grocery,388
2026-07-22,STORE_17,P001,119,100.0,0,0,High_Volume,Grocery,366
2026-07-23,STORE_17,P001,152,100.0,0,1,High_Volume,Grocery,335
2026-07-24,STORE_17,P001,150,100.0,10,1,High_Volume,Grocery,325
2026-07-25,STORE_17,P001,160,100.0,0,1,High_Volume,Grocery,309
2026-07-26,STORE_17,P001,133,100.0,0,0,High_Volume,Grocery,287
2026-07-27,STORE_17,P001,124,100.0,0,0,High_Volume,Grocery,268
2026-07-28,STORE_17,P001,114,100.0,0,0,High_Volume,Grocery,232
2026-07-29,STORE_17,P001,121,100.0,0,0,High_Volume,Grocery,222
2026-07-30,STORE_17,P001,114,100.0,0,0,High_Volume,Grocery,502
2026-07-31,STORE_17,P001,136,100.0,0,1,High_Volume,Grocery,485
2026-08-01,STORE_17,P001,166,100.0,0,1,High_Volume,Grocery,486
2026-08-02,STORE_17,P001,136,100.0,0,0,High_Volume,Grocery,468
2026-08-03,STORE_17,P001,143,100.0,0,1,High_Volume,Grocery,444
2026-08-04,STORE_17,P001,120,100.0,0,0,High_Volume,Grocery,413
2026-08-05,STORE_17,P001,123,100.0,0,0,High_Volume,Grocery,396
2026-08-06,STORE_17,P001,118,100.0,0,0,High_Volume,Grocery,373
2026-08-07,STORE_17,P001,120,100.0,0,0,High_Volume,Grocery,363
2026-08-08,STORE_17,P001,134,100.0,0,0,High_Volume,Grocery,339
2026-08-09,STORE_17,P001,170,100.0,0,1,High_Volume,Grocery,312
2026-08-10,STORE_17,P001,116,100.0,0,0,High_Volume,Grocery,290
2026-08-11,STORE_17,P001,131,100.0,0,0,High_Volume,Grocery,272
2026-08-12,STORE_17,P001,118,100.0,0,0,High_Volume,Grocery,268
2026-08-13,STORE_17,P001,113,100.0,0,0,High_Volume,Grocery,242
2026-08-14,STORE_17,P001,124,100.0,0,0,High_Volume,Grocery,224
2026-08-15,STORE_17,P001,132,100.0,0,0,High_Volume,Grocery,507
2026-08-16,STORE_17,P001,157,100.0,0,1,High_Volume,Grocery,487
2026-08-17,STORE_17,P001,118,100.0,0,0,High_Volume,Grocery,457
2026-08-18,STORE_17,P001,124,100.0,0,0,High_Volume,Grocery,431
2026-08-19,STORE_17,P001,120,100.0,0,0,High_Volume,Grocery,418
2026-08-20,STORE_17,P001,138,100.0,0,1,High_Volume,Grocery,408
2026-08-21,STORE_17,P001,151,100.0,0,1,High_Volume,Grocery,389
2026-08-22,STORE_17,P001,133,100.0,0,0,High_Volume,Grocery,361
2026-08-23,STORE_17,P001,131,100.0,0,0,High_Volume,Grocery,345
2026-08-24,STORE_17,P001,114,100.0,0,0,High_Volume,Grocery,315
2026-08-25,STORE_17,P001,118,100.0,0,0,High_Volume,Grocery,296
2026-01-01,STORE_17,P002,41,250.0,0,0,High_Volume,Electronics,481
2026-01-02,STORE_17,P002,77,250.0,10,1,High_Volume,Electronics,464
2026-01-03,STORE_17,P002,55,250.0,0,0,High_Volume,Electronics,446
2026-01-04,STORE_17,P002,64,250.0,0,0,High_Volume,Electronics,416
2026-01-05,STORE_17,P002,47,250.0,0,0,High_Volume,Electronics,395
2026-01-06,STORE_17,P002,52,250.0,0,0,High_Volume,Electronics,375
2026-01-07,STORE_17,P002,58,250.0,0,1,High_Volume,Electronics,352
2026-01-08,STORE_17,P002,53,250.0,0,1,High_Volume,Electronics,342
2026-01-09,STORE_17,P002,40,250.0,0,0,High_Volume,Electronics,313
2026-01-10,STORE_17,P002,48,250.0,0,0,High_Volume,Electronics,308
2026-01-11,STORE_17,P002,62,250.0,0,0,High_Volume,Electronics,279
2026-01-12,STORE_17,P002,31,250.0,0,0,High_Volume,Electronics,255
2026-01-13,STORE_17,P002,65,250.0,20,1,High_Volume,Electronics,232
2026-01-14,STORE_17,P002,48,250.0,0,0,High_Volume,Electronics,212
2026-01-15,STORE_17,P002,33,250.0,0,0,High_Volume,Electronics,501
2026-01-16,STORE_17,P002,41,250.0,0,0,High_Volume,Electronics,482
2026-01-17,STORE_17,P002,53,250.0,0,0,High_Volume,Electronics,466
2026-01-18,STORE_17,P002,60,250.0,0,0,High_Volume,Electronics,431
2026-01-19,STORE_17,P002,30,250.0,0,0,High_Volume,Electronics,429
2026-01-20,STORE_17,P002,41,250.0,0,0,High_Volume,Electronics,404
2026-01-21,STORE_17,P002,39,250.0,0,0,High_Volume,Electronics,372
2026-01-22,STORE_17,P002,53,250.0,0,0,High_Volume,Electronics,369
2026-01-23,STORE_17,P002,62,250.0,0,1,High_Volume,Electronics,342
2026-01-24,STORE_17,P002,58,250.0,0,0,High_Volume,Electronics,322
2026-01-25,STORE_17,P002,67,250.0,0,0,High_Volume,Electronics,294
2026-01-26,STORE_17,P002,34,250.0,0,0,High_Volume,Electronics,279
2026-01-27,STORE_17,P002,44,250.0,0,0,High_Volume,Electronics,251
2026-01-28,STORE_17,P002,40,250.0,0,0,High_Volume,Electronics,242
2026-01-29,STORE_17,P002,37,250.0,0,0,High_Volume,Electronics,218
2026-01-30,STORE_17,P002,37,250.0,0,0,High_Volume,Electronics,505
2026-01-31,STORE_17,P002,56,250.0,0,0,High_Volume,Electronics,476
2026-02-01,STORE_17,P002,46,250.0,0,0,High_Volume,Electronics,483
2026-02-02,STORE_17,P002,39,250.0,0,0,High_Volume,Electronics,451
2026-02-03,STORE_17,P002,61,250.0,0,1,High_Volume,Electronics,437
2026-02-04,STORE_17,P002,40,250.0,0,0,High_Volume,Electronics,429
2026-02-05,STORE_17,P002,36,250.0,0,0,High_Volume,Electronics,407
2026-02-06,STORE_17,P002,46,250.0,0,0,High_Volume,Electronics,374
2026-02-07,STORE_17,P002,58,250.0,0,0,High_Volume,Electronics,359
2026-02-08,STORE_17,P002,41,250.0,0,0,High_Volume,Electronics,341
2026-02-09,STORE_17,P002,22,250.0,0,0,High_Volume,Electronics,314
2026-02-10,STORE_17,P002,56,250.0,0,0,High_Volume,Electronics,296
2026-02-11,STORE_17,P002,62,250.0,0,1,High_Volume,Electronics,275
2026-02-12,STORE_17,P002,36,250.0,0,0,High_Volume,Electronics,251
2026-02-13,STORE_17,P002,87,250.0,0,1,High_Volume,Electronics,248
2026-02-14,STORE_17,P002,57,250.0,0,0,High_Volume,Electronics,212
2026-02-15,STORE_17,P002,68,250.0,0,0,High_Volume,Electronics,495
2026-02-16,STORE_17,P002,48,250.0,0,0,High_Volume,Electronics,470
2026-02-17,STORE_17,P002,68,250.0,20,1,High_Volume,Electronics,450
2026-02-18,STORE_17,P002,48,250.0,0,0,High_Volume,Electronics,432
2026-02-19,STORE_17,P002,36,250.0,0,0,High_Volume,Electronics,428
2026-02-20,STORE_17,P002,40,250.0,0,0,High_Volume,Electronics,401
2026-02-21,STORE_17,P002,57,250.0,0,0,High_Volume,Electronics,371
2026-02-22,STORE_17,P002,56,250.0,0,0,High_Volume,Electronics,359
2026-02-23,STORE_17,P002,45,250.0,0,0,High_Volume,Electronics,344
2026-02-24,STORE_17,P002,64,250.0,0,1,High_Volume,Electronics,319
2026-02-25,STORE_17,P002,44,250.0,0,0,High_Volume,Electronics,295
2026-02-26,STORE_17,P002,45,250.0,0,0,High_Volume,Electronics,277
2026-02-27,STORE_17,P002,35,250.0,0,0,High_Volume,Electronics,265
2026-02-28,STORE_17,P002,57,250.0,0,0,High_Volume,Electronics,249
2026-03-01,STORE_17,P002,63,250.0,0,0,High_Volume,Electronics,475
2026-03-02,STORE_17,P002,40,250.0,0,0,High_Volume,Electronics,455
2026-03-03,STORE_17,P002,67,250.0,15,1,High_Volume,Electronics,435
2026-03-04,STORE_17,P002,28,250.0,0,0,High_Volume,Electronics,428
2026-03-05,STORE_17,P002,59,250.0,0,0,High_Volume,Electronics,407
2026-03-06,STORE_17,P002,42,250.0,0,0,High_Volume,Electronics,385
2026-03-07,STORE_17,P002,63,250.0,0,0,High_Volume,Electronics,365
2026-03-08,STORE_17,P002,86,250.0,0,1,High_Volume,Electronics,334
2026-03-09,STORE_17,P002,49,250.0,0,0,High_Volume,Electronics,325
2026-03-10,STORE_17,P002,42,250.0,0,0,High_Volume,Electronics,305
2026-03-11,STORE_17,P002,36,250.0,0,0,High_Volume,Electronics,278
2026-03-12,STORE_17,P002,47,250.0,0,0,High_Volume,Electronics,262
2026-03-13,STORE_17,P002,45,250.0,0,0,High_Volume,Electronics,237
2026-03-14,STORE_17,P002,66,250.0,0,0,High_Volume,Electronics,214
2026-03-15,STORE_17,P002,87,250.0,0,1,High_Volume,Electronics,491
2026-03-16,STORE_17,P002,32,250.0,0,0,High_Volume,Electronics,470
2026-03-17,STORE_17,P002,23,250.0,0,0,High_Volume,Electronics,452
2026-03-18,STORE_17,P002,41,250.0,0,0,High_Volume,Electronics,435
2026-03-19,STORE_17,P002,41,250.0,0,0,High_Volume,Electronics,411
2026-03-20,STORE_17,P002,36,250.0,0,0,High_Volume,Electronics,394
2026-03-21,STORE_17,P002,55,250.0,0,0,High_Volume,Electronics,370
2026-03-22,STORE_17,P002,56,250.0,0,0,High_Volume,Electronics,350
2026-03-23,STORE_17,P002,45,250.0,0,0,High_Volume,Electronics,341
2026-03-24,STORE_17,P002,45,250.0,0,0,High_Volume,Electronics,322
2026-03-25,STORE_17,P002,43,250.0,0,0,High_Volume,Electronics,293
2026-03-26,STORE_17,P002,61,250.0,0,1,High_Volume,Electronics,286
2026-03-27,STORE_17,P002,41,250.0,0,0,High_Volume,Electronics,251
2026-03-28,STORE_17,P002,62,250.0,0,0,High_Volume,Electronics,244
2026-03-29,STORE_17,P002,42,250.0,0,0,High_Volume,Electronics,226
2026-03-30,STORE_17,P002,63,250.0,0,1,High_Volume,Electronics,504
2026-03-31,STORE_17,P002,30,250.0,0,0,High_Volume,Electronics,489
2026-04-01,STORE_17,P002,44,250.0,0,0,High_Volume,Electronics,473
2026-04-02,STORE_17,P002,19,250.0,0,0,High_Volume,Electronics,452
2026-04-03,STORE_17,P002,54,250.0,0,0,High_Volume,Electronics,433
2026-04-04,STORE_17,P002,54,250.0,0,0,High_Volume,Electronics,410
2026-04-05,STORE_17,P002,48,250.0,0,0,High_Volume,Electronics,408
2026-04-06,STORE_17,P002,31,250.0,0,0,High_Volume,Electronics,373
2026-04-07,STORE_17,P002,44,250.0,0,0,High_Volume,Electronics,353
2026-04-08,STORE_17,P002,30,250.0,0,0,High_Volume,Electronics,333
2026-04-09,STORE_17,P002,35,250.0,0,0,High_Volume,Electronics,316
2026-04-10,STORE_17,P002,43,250.0,0,0,High_Volume,Electronics,308
2026-04-11,STORE_17,P002,58,250.0,20,1,High_Volume,Electronics,274
2026-04-12,STORE_17,P002,55,250.0,0,0,High_Volume,Electronics,250
2026-04-13,STORE_17,P002,64,250.0,0,1,High_Volume,Electronics,244
2026-04-14,STORE_17,P002,69,250.0,0,1,High_Volume,Electronics,227
2026-04-15,STORE_17,P002,37,250.0,0,0,High_Volume,Electronics,501
2026-04-16,STORE_17,P002,33,250.0,0,0,High_Volume,Electronics,479
2026-04-17,STORE_17,P002,66,250.0,20,1,High_Volume,Electronics,459
2026-04-18,STORE_17,P002,55,250.0,0,0,High_Volume,Electronics,438
2026-04-19,STORE_17,P002,55,250.0,0,0,High_Volume,Electronics,427
2026-04-20,STORE_17,P002,46,250.0,0,0,High_Volume,Electronics,404
2026-04-21,STORE_17,P002,33,250.0,0,0,High_Volume,Electronics,387
2026-04-22,STORE_17,P002,39,250.0,0,0,High_Volume,Electronics,355
2026-04-23,STORE_17,P002,41,250.0,0,0,High_Volume,Electronics,347
2026-04-24,STORE_17,P002,64,250.0,0,1,High_Volume,Electronics,310
2026-04-25,STORE_17,P002,75,250.0,15,1,High_Volume,Electronics,301
2026-04-26,STORE_17,P002,51,250.0,0,0,High_Volume,Electronics,270
2026-04-27,STORE_17,P002,39,250.0,0,0,High_Volume,Electronics,267
2026-04-28,STORE_17,P002,37,250.0,0,0,High_Volume,Electronics,238
2026-04-29,STORE_17,P002,49,250.0,0,0,High_Volume,Electronics,212
2026-04-30,STORE_17,P002,31,250.0,0,0,High_Volume,Electronics,501
2026-05-01,STORE_17,P002,38,250.0,0,0,High_Volume,Electronics,478
2026-05-02,STORE_17,P002,58,250.0,0,0,High_Volume,Electronics,461
2026-05-03,STORE_17,P002,48,250.0,0,0,High_Volume,Electronics,447
2026-05-04,STORE_17,P002,35,250.0,0,0,High_Volume,Electronics,419
2026-05-05,STORE_17,P002,40,250.0,0,0,High_Volume,Electronics,400
2026-05-06,STORE_17,P002,40,250.0,0,0,High_Volume,Electronics,375
2026-05-07,STORE_17,P002,53,250.0,0,0,High_Volume,Electronics,352
2026-05-08,STORE_17,P002,63,250.0,0,1,High_Volume,Electronics,340
2026-05-09,STORE_17,P002,65,250.0,0,0,High_Volume,Electronics,326
2026-05-10,STORE_17,P002,93,250.0,0,1,High_Volume,Electronics,307
2026-05-11,STORE_17,P002,50,250.0,0,0,High_Volume,Electronics,277
2026-05-12,STORE_17,P002,30,250.0,0,0,High_Volume,Electronics,267
2026-05-13,STORE_17,P002,46,250.0,0,0,High_Volume,Electronics,237
2026-05-14,STORE_17,P002,69,250.0,20,1,High_Volume,Electronics,228
2026-05-15,STORE_17,P002,34,250.0,0,0,High_Volume,Electronics,504
2026-05-16,STORE_17,P002,57,250.0,0,0,High_Volume,Electronics,488
2026-05-17,STORE_17,P002,56,250.0,0,0,High_Volume,Electronics,459
2026-05-18,STORE_17,P002,35,250.0,0,0,High_Volume,Electronics,434
2026-05-19,STORE_17,P002,43,250.0,0,0,High_Volume,Electronics,424
2026-05-20,STORE_17,P002,62,250.0,0,1,High_Volume,Electronics,399
2026-05-21,STORE_17,P002,32,250.0,0,0,High_Volume,Electronics,374
2026-05-22,STORE_17,P002,52,250.0,0,0,High_Volume,Electronics,350
2026-05-23,STORE_17,P002,59,250.0,0,0,High_Volume,Electronics,330
2026-05-24,STORE_17,P002,59,250.0,0,0,High_Volume,Electronics,325
2026-05-25,STORE_17,P002,31,250.0,0,0,High_Volume,Electronics,290
2026-05-26,STORE_17,P002,62,250.0,0,0,High_Volume,Electronics,286
2026-05-27,STORE_17,P002,61,250.0,15,1,High_Volume,Electronics,259
2026-05-28,STORE_17,P002,39,250.0,0,0,High_Volume,Electronics,239
2026-05-29,STORE_17,P002,61,250.0,0,0,High_Volume,Electronics,215
2026-05-30,STORE_17,P002,85,250.0,0,1,High_Volume,Electronics,503
2026-05-31,STORE_17,P002,55,250.0,0,0,High_Volume,Electronics,485
2026-06-01,STORE_17,P002,41,250.0,0,0,High_Volume,Electronics,478
2026-06-02,STORE_17,P002,34,250.0,0,0,High_Volume,Electronics,458
2026-06-03,STORE_17,P002,45,250.0,0,0,High_Volume,Electronics,448
2026-06-04,STORE_17,P002,64,250.0,0,1,High_Volume,Electronics,412
2026-06-05,STORE_17,P002,45,250.0,0,0,High_Volume,Electronics,392
2026-06-06,STORE_17,P002,42,250.0,0,0,High_Volume,Electronics,378
2026-06-07,STORE_17,P002,45,250.0,0,0,High_Volume,Electronics,353
2026-06-08,STORE_17,P002,45,250.0,0,0,High_Volume,Electronics,347
2026-06-09,STORE_17,P002,37,250.0,0,0,High_Volume,Electronics,325
2026-06-10,STORE_17,P002,65,250.0,0,1,High_Volume,Electronics,293
2026-06-11,STORE_17,P002,68,250.0,10,1,High_Volume,Electronics,284
2026-06-12,STORE_17,P002,48,250.0,0,0,High_Volume,Electronics,259
2026-06-13,STORE_17,P002,82,250.0,0,1,High_Volume,Electronics,248
2026-06-14,STORE_17,P002,51,250.0,0,0,High_Volume,Electronics,211
2026-06-15,STORE_17,P002,38,250.0,0,0,High_Volume,Electronics,492
2026-06-16,STORE_17,P002,42,250.0,0,0,High_Volume,Electronics,485
2026-06-17,STORE_17,P002,29,250.0,0,0,High_Volume,Electronics,458
2026-06-18,STORE_17,P002,47,250.0,0,0,High_Volume,Electronics,430
2026-06-19,STORE_17,P002,40,250.0,0,0,High_Volume,Electronics,421
2026-06-20,STORE_17,P002,59,250.0,0,0,High_Volume,Electronics,402
2026-06-21,STORE_17,P002,47,250.0,0,0,High_Volume,Electronics,372
2026-06-22,STORE_17,P002,75,250.0,10,1,High_Volume,Electronics,363
2026-06-23,STORE_17,P002,65,250.0,15,1,High_Volume,Electronics,332
2026-06-24,STORE_17,P002,40,250.0,0,0,High_Volume,Electronics,311
2026-06-25,STORE_17,P002,54,250.0,0,0,High_Volume,Electronics,294
2026-06-26,STORE_17,P002,72,250.0,0,1,High_Volume,Electronics,280
2026-06-27,STORE_17,P002,55,250.0,0,0,High_Volume,Electronics,252
2026-06-28,STORE_17,P002,53,250.0,0,0,High_Volume,Electronics,234
2026-06-29,STORE_17,P002,49,250.0,0,1,High_Volume,Electronics,215
2026-06-30,STORE_17,P002,56,250.0,0,0,High_Volume,Electronics,491
2026-07-01,STORE_17,P002,35,250.0,0,0,High_Volume,Electronics,472
2026-07-02,STORE_17,P002,32,250.0,0,0,High_Volume,Electronics,468
2026-07-03,STORE_17,P002,59,250.0,0,1,High_Volume,Electronics,432
2026-07-04,STORE_17,P002,56,250.0,0,0,High_Volume,Electronics,414
2026-07-05,STORE_17,P002,57,250.0,0,0,High_Volume,Electronics,409
2026-07-06,STORE_17,P002,33,250.0,0,0,High_Volume,Electronics,377
2026-07-07,STORE_17,P002,41,250.0,0,0,High_Volume,Electronics,365
2026-07-08,STORE_17,P002,32,250.0,0,0,High_Volume,Electronics,341
2026-07-09,STORE_17,P002,40,250.0,0,0,High_Volume,Electronics,325
2026-07-10,STORE_17,P002,66,250.0,0,1,High_Volume,Electronics,307
2026-07-11,STORE_17,P002,58,250.0,0,0,High_Volume,Electronics,287
2026-07-12,STORE_17,P002,55,250.0,0,0,High_Volume,Electronics,266
2026-07-13,STORE_17,P002,46,250.0,0,0,High_Volume,Electronics,247
2026-07-14,STORE_17,P002,33,250.0,0,0,High_Volume,Electronics,216
2026-07-15,STORE_17,P002,32,250.0,0,0,High_Volume,Electronics,503
2026-07-16,STORE_17,P002,39,250.0,0,0,High_Volume,Electronics,470
2026-07-17,STORE_17,P002,70,250.0,15,1,High_Volume,Electronics,463
2026-07-18,STORE_17,P002,55,250.0,0,0,High_Volume,Electronics,448
2026-07-19,STORE_17,P002,63,250.0,0,0,High_Volume,Electronics,423
2026-07-20,STORE_17,P002,36,250.0,0,0,High_Volume,Electronics,397
2026-07-21,STORE_17,P002,40,250.0,0,0,High_Volume,Electronics,386
2026-07-22,STORE_17,P002,49,250.0,15,1,High_Volume,Electronics,354
2026-07-23,STORE_17,P002,43,250.0,0,0,High_Volume,Electronics,340
2026-07-24,STORE_17,P002,40,250.0,0,0,High_Volume,Electronics,326
2026-07-25,STORE_17,P002,58,250.0,0,0,High_Volume,Electronics,297
2026-07-26,STORE_17,P002,40,250.0,0,0,High_Volume,Electronics,272
2026-07-27,STORE_17,P002,40,250.0,0,0,High_Volume,Electronics,266
2026-07-28,STORE_17,P002,43,250.0,0,0,High_Volume,Electronics,235
2026-07-29,STORE_17,P002,35,250.0,0,0,High_Volume,Electronics,215
2026-07-30,STORE_17,P002,45,250.0,0,0,High_Volume,Electronics,495
2026-07-31,STORE_17,P002,40,250.0,0,0,High_Volume,Electronics,482
2026-08-01,STORE_17,P002,55,250.0,0,0,High_Volume,Electronics,484
2026-08-02,STORE_17,P002,59,250.0,0,0,High_Volume,Electronics,456
2026-08-03,STORE_17,P002,47,250.0,0,0,High_Volume,Electronics,439
2026-08-04,STORE_17,P002,28,250.0,0,0,High_Volume,Electronics,425
2026-08-05,STORE_17,P002,40,250.0,0,0,High_Volume,Electronics,409
2026-08-06,STORE_17,P002,47,250.0,0,0,High_Volume,Electronics,372
2026-08-07,STORE_17,P002,57,250.0,0,1,High_Volume,Electronics,359
2026-08-08,STORE_17,P002,54,250.0,0,0,High_Volume,Electronics,340
2026-08-09,STORE_17,P002,79,250.0,10,1,High_Volume,Electronics,325
2026-08-10,STORE_17,P002,36,250.0,0,0,High_Volume,Electronics,304
2026-08-11,STORE_17,P002,42,250.0,0,0,High_Volume,Electronics,274
2026-08-12,STORE_17,P002,39,250.0,0,0,High_Volume,Electronics,261
2026-08-13,STORE_17,P002,41,250.0,0,0,High_Volume,Electronics,244
2026-08-14,STORE_17,P002,35,250.0,0,0,High_Volume,Electronics,228
2026-08-15,STORE_17,P002,57,250.0,0,0,High_Volume,Electronics,491
2026-08-16,STORE_17,P002,57,250.0,0,0,High_Volume,Electronics,487
2026-08-17,STORE_17,P002,43,250.0,0,0,High_Volume,Electronics,459
2026-08-18,STORE_17,P002,40,250.0,0,0,High_Volume,Electronics,441
2026-08-19,STORE_17,P002,44,250.0,0,0,High_Volume,Electronics,416
2026-08-20,STORE_17,P002,46,250.0,0,0,High_Volume,Electronics,408
2026-08-21,STORE_17,P002,47,250.0,0,0,High_Volume,Electronics,389
2026-08-22,STORE_17,P002,50,250.0,0,0,High_Volume,Electronics,353
2026-08-23,STORE_17,P002,45,250.0,0,0,High_Volume,Electronics,337
2026-08-24,STORE_17,P002,36,250.0,0,0,High_Volume,Electronics,320
2026-08-25,STORE_17,P002,41,250.0,0,0,High_Volume,Electronics,295
2026-01-01,STORE_17,PRODUCT_A,76,45.0,0,0,High_Volume,Apparel,482
2026-01-02,STORE_17,PRODUCT_A,86,45.0,0,0,High_Volume,Apparel,464
2026-01-03,STORE_17,PRODUCT_A,98,45.0,0,0,High_Volume,Apparel,443
2026-01-04,STORE_17,PRODUCT_A,99,45.0,0,0,High_Volume,Apparel,426
2026-01-05,STORE_17,PRODUCT_A,80,45.0,0,0,High_Volume,Apparel,407
2026-01-06,STORE_17,PRODUCT_A,84,45.0,0,0,High_Volume,Apparel,375
2026-01-07,STORE_17,PRODUCT_A,86,45.0,0,0,High_Volume,Apparel,350
2026-01-08,STORE_17,PRODUCT_A,113,45.0,0,1,High_Volume,Apparel,340
2026-01-09,STORE_17,PRODUCT_A,79,45.0,0,0,High_Volume,Apparel,311
2026-01-10,STORE_17,PRODUCT_A,112,45.0,0,0,High_Volume,Apparel,299
2026-01-11,STORE_17,PRODUCT_A,92,45.0,0,0,High_Volume,Apparel,277
2026-01-12,STORE_17,PRODUCT_A,72,45.0,0,0,High_Volume,Apparel,262
2026-01-13,STORE_17,PRODUCT_A,83,45.0,0,0,High_Volume,Apparel,237
2026-01-14,STORE_17,PRODUCT_A,81,45.0,0,0,High_Volume,Apparel,224
2026-01-15,STORE_17,PRODUCT_A,81,45.0,0,0,High_Volume,Apparel,497
2026-01-16,STORE_17,PRODUCT_A,94,45.0,0,0,High_Volume,Apparel,476
2026-01-17,STORE_17,PRODUCT_A,93,45.0,0,0,High_Volume,Apparel,453
2026-01-18,STORE_17,PRODUCT_A,102,45.0,0,0,High_Volume,Apparel,441
2026-01-19,STORE_17,PRODUCT_A,91,45.0,0,0,High_Volume,Apparel,412
2026-01-20,STORE_17,PRODUCT_A,86,45.0,0,0,High_Volume,Apparel,404
2026-01-21,STORE_17,PRODUCT_A,88,45.0,0,0,High_Volume,Apparel,380
2026-01-22,STORE_17,PRODUCT_A,93,45.0,0,0,High_Volume,Apparel,356
2026-01-23,STORE_17,PRODUCT_A,80,45.0,0,0,High_Volume,Apparel,348
2026-01-24,STORE_17,PRODUCT_A,95,45.0,0,0,High_Volume,Apparel,325
2026-01-25,STORE_17,PRODUCT_A,97,45.0,0,0,High_Volume,Apparel,309
2026-01-26,STORE_17,PRODUCT_A,82,45.0,0,0,High_Volume,Apparel,288
2026-01-27,STORE_17,PRODUCT_A,104,45.0,0,1,High_Volume,Apparel,253
2026-01-28,STORE_17,PRODUCT_A,83,45.0,0,0,High_Volume,Apparel,244
2026-01-29,STORE_17,PRODUCT_A,125,45.0,15,1,High_Volume,Apparel,214
2026-01-30,STORE_17,PRODUCT_A,89,45.0,10,1,High_Volume,Apparel,491
2026-01-31,STORE_17,PRODUCT_A,97,45.0,0,0,High_Volume,Apparel,481
2026-02-01,STORE_17,PRODUCT_A,107,45.0,0,0,High_Volume,Apparel,471
2026-02-02,STORE_17,PRODUCT_A,127,45.0,0,1,High_Volume,Apparel,457
2026-02-03,STORE_17,PRODUCT_A,94,45.0,0,0,High_Volume,Apparel,430
2026-02-04,STORE_17,PRODUCT_A,111,45.0,0,1,High_Volume,Apparel,410
2026-02-05,STORE_17,PRODUCT_A,95,45.0,0,0,High_Volume,Apparel,390
2026-02-06,STORE_17,PRODUCT_A,79,45.0,0,0,High_Volume,Apparel,378
2026-02-07,STORE_17,PRODUCT_A,100,45.0,0,0,High_Volume,Apparel,352
2026-02-08,STORE_17,PRODUCT_A,133,45.0,10,1,High_Volume,Apparel,343
2026-02-09,STORE_17,PRODUCT_A,76,45.0,0,0,High_Volume,Apparel,323
2026-02-10,STORE_17,PRODUCT_A,77,45.0,0,0,High_Volume,Apparel,297
2026-02-11,STORE_17,PRODUCT_A,88,45.0,0,0,High_Volume,Apparel,277
2026-02-12,STORE_17,PRODUCT_A,93,45.0,0,0,High_Volume,Apparel,250
2026-02-13,STORE_17,PRODUCT_A,87,45.0,0,0,High_Volume,Apparel,249
2026-02-14,STORE_17,PRODUCT_A,92,45.0,0,0,High_Volume,Apparel,226
2026-02-15,STORE_17,PRODUCT_A,90,45.0,0,0,High_Volume,Apparel,494
2026-02-16,STORE_17,PRODUCT_A,86,45.0,0,0,High_Volume,Apparel,470
2026-02-17,STORE_17,PRODUCT_A,104,45.0,0,0,High_Volume,Apparel,464
2026-02-18,STORE_17,PRODUCT_A,78,45.0,0,0,High_Volume,Apparel,446
2026-02-19,STORE_17,PRODUCT_A,66,45.0,0,0,High_Volume,Apparel,420
2026-02-20,STORE_17,PRODUCT_A,81,45.0,0,0,High_Volume,Apparel,403
2026-02-21,STORE_17,PRODUCT_A,88,45.0,0,0,High_Volume,Apparel,377
2026-02-22,STORE_17,PRODUCT_A,102,45.0,0,0,High_Volume,Apparel,361
2026-02-23,STORE_17,PRODUCT_A,86,45.0,0,0,High_Volume,Apparel,342
2026-02-24,STORE_17,PRODUCT_A,94,45.0,0,0,High_Volume,Apparel,329
2026-02-25,STORE_17,PRODUCT_A,89,45.0,0,0,High_Volume,Apparel,300
2026-02-26,STORE_17,PRODUCT_A,88,45.0,0,0,High_Volume,Apparel,285
2026-02-27,STORE_17,PRODUCT_A,81,45.0,0,0,High_Volume,Apparel,258
2026-02-28,STORE_17,PRODUCT_A,101,45.0,0,0,High_Volume,Apparel,233
2026-03-01,STORE_17,PRODUCT_A,128,45.0,15,1,High_Volume,Apparel,471
2026-03-02,STORE_17,PRODUCT_A,103,45.0,0,0,High_Volume,Apparel,464
2026-03-03,STORE_17,PRODUCT_A,76,45.0,0,0,High_Volume,Apparel,444
2026-03-04,STORE_17,PRODUCT_A,86,45.0,0,0,High_Volume,Apparel,417
2026-03-05,STORE_17,PRODUCT_A,90,45.0,0,0,High_Volume,Apparel,403
2026-03-06,STORE_17,PRODUCT_A,86,45.0,0,0,High_Volume,Apparel,380
2026-03-07,STORE_17,PRODUCT_A,107,45.0,0,0,High_Volume,Apparel,352
2026-03-08,STORE_17,PRODUCT_A,127,45.0,10,1,High_Volume,Apparel,336
2026-03-09,STORE_17,PRODUCT_A,85,45.0,0,0,High_Volume,Apparel,327
2026-03-10,STORE_17,PRODUCT_A,95,45.0,0,0,High_Volume,Apparel,290
2026-03-11,STORE_17,PRODUCT_A,91,45.0,0,0,High_Volume,Apparel,279
2026-03-12,STORE_17,PRODUCT_A,94,45.0,0,0,High_Volume,Apparel,257
2026-03-13,STORE_17,PRODUCT_A,86,45.0,0,0,High_Volume,Apparel,239
2026-03-14,STORE_17,PRODUCT_A,111,45.0,0,0,High_Volume,Apparel,227
2026-03-15,STORE_17,PRODUCT_A,126,45.0,0,1,High_Volume,Apparel,508
2026-03-16,STORE_17,PRODUCT_A,85,45.0,0,0,High_Volume,Apparel,478
2026-03-17,STORE_17,PRODUCT_A,83,45.0,0,0,High_Volume,Apparel,461
2026-03-18,STORE_17,PRODUCT_A,83,45.0,0,0,High_Volume,Apparel,436
2026-03-19,STORE_17,PRODUCT_A,84,45.0,0,0,High_Volume,Apparel,421
2026-03-20,STORE_17,PRODUCT_A,91,45.0,0,0,High_Volume,Apparel,395
2026-03-21,STORE_17,PRODUCT_A,130,45.0,0,1,High_Volume,Apparel,372
2026-03-22,STORE_17,PRODUCT_A,93,45.0,0,0,High_Volume,Apparel,354
2026-03-23,STORE_17,PRODUCT_A,111,45.0,10,1,High_Volume,Apparel,349
2026-03-24,STORE_17,PRODUCT_A,97,45.0,0,0,High_Volume,Apparel,329
2026-03-25,STORE_17,PRODUCT_A,85,45.0,0,0,High_Volume,Apparel,298
2026-03-26,STORE_17,PRODUCT_A,118,45.0,15,1,High_Volume,Apparel,277
2026-03-27,STORE_17,PRODUCT_A,93,45.0,0,0,High_Volume,Apparel,268
2026-03-28,STORE_17,PRODUCT_A,92,45.0,0,0,High_Volume,Apparel,241
2026-03-29,STORE_17,PRODUCT_A,140,45.0,20,1,High_Volume,Apparel,226
2026-03-30,STORE_17,PRODUCT_A,105,45.0,0,0,High_Volume,Apparel,492
2026-03-31,STORE_17,PRODUCT_A,85,45.0,0,0,High_Volume,Apparel,489
2026-04-01,STORE_17,PRODUCT_A,92,45.0,0,0,High_Volume,Apparel,486
2026-04-02,STORE_17,PRODUCT_A,102,45.0,0,1,High_Volume,Apparel,467
2026-04-03,STORE_17,PRODUCT_A,103,45.0,0,1,High_Volume,Apparel,440
2026-04-04,STORE_17,PRODUCT_A,105,45.0,0,0,High_Volume,Apparel,418
2026-04-05,STORE_17,PRODUCT_A,100,45.0,0,0,High_Volume,Apparel,397
2026-04-06,STORE_17,PRODUCT_A,91,45.0,0,0,High_Volume,Apparel,381
2026-04-07,STORE_17,PRODUCT_A,82,45.0,0,0,High_Volume,Apparel,368
2026-04-08,STORE_17,PRODUCT_A,105,45.0,0,0,High_Volume,Apparel,344
2026-04-09,STORE_17,PRODUCT_A,90,45.0,0,0,High_Volume,Apparel,325
2026-04-10,STORE_17,PRODUCT_A,110,45.0,0,1,High_Volume,Apparel,306
2026-04-11,STORE_17,PRODUCT_A,95,45.0,0,0,High_Volume,Apparel,270
2026-04-12,STORE_17,PRODUCT_A,87,45.0,0,0,High_Volume,Apparel,254
2026-04-13,STORE_17,PRODUCT_A,110,45.0,0,1,High_Volume,Apparel,236
2026-04-14,STORE_17,PRODUCT_A,76,45.0,0,0,High_Volume,Apparel,220
2026-04-15,STORE_17,PRODUCT_A,75,45.0,0,0,High_Volume,Apparel,502
2026-04-16,STORE_17,PRODUCT_A,117,45.0,0,1,High_Volume,Apparel,476
2026-04-17,STORE_17,PRODUCT_A,95,45.0,0,0,High_Volume,Apparel,456
2026-04-18,STORE_17,PRODUCT_A,130,45.0,0,1,High_Volume,Apparel,436
2026-04-19,STORE_17,PRODUCT_A,104,45.0,0,0,High_Volume,Apparel,416
2026-04-20,STORE_17,PRODUCT_A,85,45.0,0,0,High_Volume,Apparel,406
2026-04-21,STORE_17,PRODUCT_A,83,45.0,0,0,High_Volume,Apparel,377
2026-04-22,STORE_17,PRODUCT_A,111,45.0,0,1,High_Volume,Apparel,360
2026-04-23,STORE_17,PRODUCT_A,110,45.0,0,1,High_Volume,Apparel,335
2026-04-24,STORE_17,PRODUCT_A,84,45.0,0,0,High_Volume,Apparel,320
2026-04-25,STORE_17,PRODUCT_A,91,45.0,0,0,High_Volume,Apparel,306
2026-04-26,STORE_17,PRODUCT_A,103,45.0,0,0,High_Volume,Apparel,276
2026-04-27,STORE_17,PRODUCT_A,101,45.0,0,1,High_Volume,Apparel,259
2026-04-28,STORE_17,PRODUCT_A,91,45.0,0,0,High_Volume,Apparel,230
2026-04-29,STORE_17,PRODUCT_A,70,45.0,0,0,High_Volume,Apparel,212
2026-04-30,STORE_17,PRODUCT_A,84,45.0,0,0,High_Volume,Apparel,503
2026-05-01,STORE_17,PRODUCT_A,90,45.0,0,0,High_Volume,Apparel,486
2026-05-02,STORE_17,PRODUCT_A,98,45.0,0,0,High_Volume,Apparel,451
2026-05-03,STORE_17,PRODUCT_A,97,45.0,0,0,High_Volume,Apparel,449
2026-05-04,STORE_17,PRODUCT_A,78,45.0,0,0,High_Volume,Apparel,414
2026-05-05,STORE_17,PRODUCT_A,87,45.0,0,0,High_Volume,Apparel,390
2026-05-06,STORE_17,PRODUCT_A,97,45.0,0,0,High_Volume,Apparel,373
2026-05-07,STORE_17,PRODUCT_A,84,45.0,0,0,High_Volume,Apparel,357
2026-05-08,STORE_17,PRODUCT_A,81,45.0,0,0,High_Volume,Apparel,348
2026-05-09,STORE_17,PRODUCT_A,127,45.0,10,1,High_Volume,Apparel,323
2026-05-10,STORE_17,PRODUCT_A,96,45.0,0,0,High_Volume,Apparel,302
2026-05-11,STORE_17,PRODUCT_A,89,45.0,0,0,High_Volume,Apparel,283
2026-05-12,STORE_17,PRODUCT_A,81,45.0,0,0,High_Volume,Apparel,264
2026-05-13,STORE_17,PRODUCT_A,66,45.0,0,0,High_Volume,Apparel,243
2026-05-14,STORE_17,PRODUCT_A,82,45.0,0,0,High_Volume,Apparel,221
2026-05-15,STORE_17,PRODUCT_A,129,45.0,0,1,High_Volume,Apparel,509
2026-05-16,STORE_17,PRODUCT_A,106,45.0,0,0,High_Volume,Apparel,471
2026-05-17,STORE_17,PRODUCT_A,100,45.0,0,0,High_Volume,Apparel,461
2026-05-18,STORE_17,PRODUCT_A,77,45.0,0,0,High_Volume,Apparel,442
2026-05-19,STORE_17,PRODUCT_A,87,45.0,0,0,High_Volume,Apparel,418
2026-05-20,STORE_17,PRODUCT_A,101,45.0,0,0,High_Volume,Apparel,404
2026-05-21,STORE_17,PRODUCT_A,81,45.0,0,0,High_Volume,Apparel,375
2026-05-22,STORE_17,PRODUCT_A,87,45.0,0,0,High_Volume,Apparel,359
2026-05-23,STORE_17,PRODUCT_A,99,45.0,0,0,High_Volume,Apparel,347
2026-05-24,STORE_17,PRODUCT_A,96,45.0,0,0,High_Volume,Apparel,320
2026-05-25,STORE_17,PRODUCT_A,110,45.0,0,1,High_Volume,Apparel,298
2026-05-26,STORE_17,PRODUCT_A,79,45.0,0,0,High_Volume,Apparel,271
2026-05-27,STORE_17,PRODUCT_A,85,45.0,0,0,High_Volume,Apparel,252
2026-05-28,STORE_17,PRODUCT_A,96,45.0,0,0,High_Volume,Apparel,240
2026-05-29,STORE_17,PRODUCT_A,91,45.0,0,0,High_Volume,Apparel,216
2026-05-30,STORE_17,PRODUCT_A,103,45.0,0,0,High_Volume,Apparel,507
2026-05-31,STORE_17,PRODUCT_A,96,45.0,0,0,High_Volume,Apparel,471
2026-06-01,STORE_17,PRODUCT_A,80,45.0,0,0,High_Volume,Apparel,476
2026-06-02,STORE_17,PRODUCT_A,82,45.0,0,0,High_Volume,Apparel,451
2026-06-03,STORE_17,PRODUCT_A,80,45.0,0,0,High_Volume,Apparel,448
2026-06-04,STORE_17,PRODUCT_A,88,45.0,0,0,High_Volume,Apparel,413
2026-06-05,STORE_17,PRODUCT_A,87,45.0,0,0,High_Volume,Apparel,409
2026-06-06,STORE_17,PRODUCT_A,98,45.0,0,0,High_Volume,Apparel,383
2026-06-07,STORE_17,PRODUCT_A,119,45.0,0,1,High_Volume,Apparel,362
2026-06-08,STORE_17,PRODUCT_A,93,45.0,0,0,High_Volume,Apparel,331
2026-06-09,STORE_17,PRODUCT_A,85,45.0,0,0,High_Volume,Apparel,323
2026-06-10,STORE_17,PRODUCT_A,110,45.0,10,1,High_Volume,Apparel,306
2026-06-11,STORE_17,PRODUCT_A,82,45.0,0,0,High_Volume,Apparel,276
2026-06-12,STORE_17,PRODUCT_A,77,45.0,0,0,High_Volume,Apparel,259
2026-06-13,STORE_17,PRODUCT_A,105,45.0,0,0,High_Volume,Apparel,243
2026-06-14,STORE_17,PRODUCT_A,93,45.0,0,0,High_Volume,Apparel,219
2026-06-15,STORE_17,PRODUCT_A,78,45.0,0,0,High_Volume,Apparel,508
2026-06-16,STORE_17,PRODUCT_A,73,45.0,0,0,High_Volume,Apparel,486
2026-06-17,STORE_17,PRODUCT_A,96,45.0,0,0,High_Volume,Apparel,456
2026-06-18,STORE_17,PRODUCT_A,82,45.0,0,0,High_Volume,Apparel,443
2026-06-19,STORE_17,PRODUCT_A,99,45.0,15,1,High_Volume,Apparel,428
2026-06-20,STORE_17,PRODUCT_A,106,45.0,0,0,High_Volume,Apparel,401
2026-06-21,STORE_17,PRODUCT_A,93,45.0,0,0,High_Volume,Apparel,376
2026-06-22,STORE_17,PRODUCT_A,84,45.0,0,0,High_Volume,Apparel,356
2026-06-23,STORE_17,PRODUCT_A,79,45.0,0,0,High_Volume,Apparel,345
2026-06-24,STORE_17,PRODUCT_A,100,45.0,0,0,High_Volume,Apparel,317
2026-06-25,STORE_17,PRODUCT_A,74,45.0,0,0,High_Volume,Apparel,290
2026-06-26,STORE_17,PRODUCT_A,101,45.0,0,1,High_Volume,Apparel,274
2026-06-27,STORE_17,PRODUCT_A,98,45.0,0,0,High_Volume,Apparel,262
2026-06-28,STORE_17,PRODUCT_A,108,45.0,0,0,High_Volume,Apparel,239
2026-06-29,STORE_17,PRODUCT_A,111,45.0,0,1,High_Volume,Apparel,224
2026-06-30,STORE_17,PRODUCT_A,113,45.0,0,1,High_Volume,Apparel,498
2026-07-01,STORE_17,PRODUCT_A,72,45.0,0,0,High_Volume,Apparel,481
2026-07-02,STORE_17,PRODUCT_A,87,45.0,0,0,High_Volume,Apparel,458
2026-07-03,STORE_17,PRODUCT_A,94,45.0,0,0,High_Volume,Apparel,446
2026-07-04,STORE_17,PRODUCT_A,95,45.0,0,0,High_Volume,Apparel,411
2026-07-05,STORE_17,PRODUCT_A,101,45.0,0,0,High_Volume,Apparel,403
2026-07-06,STORE_17,PRODUCT_A,74,45.0,0,0,High_Volume,Apparel,373
2026-07-07,STORE_17,PRODUCT_A,90,45.0,0,0,High_Volume,Apparel,353
2026-07-08,STORE_17,PRODUCT_A,83,45.0,0,0,High_Volume,Apparel,337
2026-07-09,STORE_17,PRODUCT_A,76,45.0,0,0,High_Volume,Apparel,314
2026-07-10,STORE_17,PRODUCT_A,83,45.0,0,0,High_Volume,Apparel,290
2026-07-11,STORE_17,PRODUCT_A,83,45.0,0,0,High_Volume,Apparel,289
2026-07-12,STORE_17,PRODUCT_A,128,45.0,15,1,High_Volume,Apparel,251
2026-07-13,STORE_17,PRODUCT_A,87,45.0,0,0,High_Volume,Apparel,239
2026-07-14,STORE_17,PRODUCT_A,72,45.0,0,0,High_Volume,Apparel,225
2026-07-15,STORE_17,PRODUCT_A,78,45.0,0,0,High_Volume,Apparel,505
2026-07-16,STORE_17,PRODUCT_A,99,45.0,0,0,High_Volume,Apparel,472
2026-07-17,STORE_17,PRODUCT_A,94,45.0,0,0,High_Volume,Apparel,466
2026-07-18,STORE_17,PRODUCT_A,86,45.0,0,0,High_Volume,Apparel,447
2026-07-19,STORE_17,PRODUCT_A,94,45.0,0,0,High_Volume,Apparel,426
2026-07-20,STORE_17,PRODUCT_A,85,45.0,0,0,High_Volume,Apparel,390
2026-07-21,STORE_17,PRODUCT_A,96,45.0,0,0,High_Volume,Apparel,372
2026-07-22,STORE_17,PRODUCT_A,105,45.0,0,0,High_Volume,Apparel,360
2026-07-23,STORE_17,PRODUCT_A,68,45.0,0,0,High_Volume,Apparel,335
2026-07-24,STORE_17,PRODUCT_A,85,45.0,0,0,High_Volume,Apparel,325
2026-07-25,STORE_17,PRODUCT_A,95,45.0,0,0,High_Volume,Apparel,297
2026-07-26,STORE_17,PRODUCT_A,131,45.0,0,1,High_Volume,Apparel,283
2026-07-27,STORE_17,PRODUCT_A,85,45.0,0,0,High_Volume,Apparel,268
2026-07-28,STORE_17,PRODUCT_A,77,45.0,0,0,High_Volume,Apparel,249
2026-07-29,STORE_17,PRODUCT_A,88,45.0,0,0,High_Volume,Apparel,227
2026-07-30,STORE_17,PRODUCT_A,75,45.0,0,0,High_Volume,Apparel,495
2026-07-31,STORE_17,PRODUCT_A,68,45.0,0,0,High_Volume,Apparel,484
2026-08-01,STORE_17,PRODUCT_A,133,45.0,15,1,High_Volume,Apparel,477
2026-08-02,STORE_17,PRODUCT_A,89,45.0,0,0,High_Volume,Apparel,456
2026-08-03,STORE_17,PRODUCT_A,85,45.0,0,0,High_Volume,Apparel,444
2026-08-04,STORE_17,PRODUCT_A,79,45.0,0,0,High_Volume,Apparel,411
2026-08-05,STORE_17,PRODUCT_A,82,45.0,0,0,High_Volume,Apparel,398
2026-08-06,STORE_17,PRODUCT_A,80,45.0,0,0,High_Volume,Apparel,371
2026-08-07,STORE_17,PRODUCT_A,106,45.0,0,1,High_Volume,Apparel,357
2026-08-08,STORE_17,PRODUCT_A,96,45.0,0,0,High_Volume,Apparel,334
2026-08-09,STORE_17,PRODUCT_A,95,45.0,0,0,High_Volume,Apparel,312
2026-08-10,STORE_17,PRODUCT_A,102,45.0,0,1,High_Volume,Apparel,303
2026-08-11,STORE_17,PRODUCT_A,78,45.0,0,0,High_Volume,Apparel,271
2026-08-12,STORE_17,PRODUCT_A,82,45.0,0,0,High_Volume,Apparel,258
2026-08-13,STORE_17,PRODUCT_A,109,45.0,15,1,High_Volume,Apparel,237
2026-08-14,STORE_17,PRODUCT_A,66,45.0,0,0,High_Volume,Apparel,227
2026-08-15,STORE_17,PRODUCT_A,95,45.0,0,0,High_Volume,Apparel,497
2026-08-16,STORE_17,PRODUCT_A,96,45.0,0,0,High_Volume,Apparel,472
2026-08-17,STORE_17,PRODUCT_A,75,45.0,0,0,High_Volume,Apparel,463
2026-08-18,STORE_17,PRODUCT_A,104,45.0,0,1,High_Volume,Apparel,441
2026-08-19,STORE_17,PRODUCT_A,105,45.0,0,1,High_Volume,Apparel,420
2026-08-20,STORE_17,PRODUCT_A,78,45.0,0,0,High_Volume,Apparel,393
2026-08-21,STORE_17,PRODUCT_A,115,45.0,0,1,High_Volume,Apparel,385
2026-08-22,STORE_17,PRODUCT_A,99,45.0,0,0,High_Volume,Apparel,369
2026-08-23,STORE_17,PRODUCT_A,97,45.0,0,0,High_Volume,Apparel,338
2026-08-24,STORE_17,PRODUCT_A,85,45.0,0,0,High_Volume,Apparel,318
2026-08-25,STORE_17,PRODUCT_A,74,45.0,0,0,High_Volume,Apparel,302
